<?xml version="1.0" encoding="UTF-8"?>
<TcBusinessData xmlns="http://teamcenter.com/BusinessModel/TcBusinessData" Date="">
<Add>
   <TcGlobalConstantAttach constantName="Awb0SupportsStructure" value="">
      <ConstantValue value="SP5AbsDocRevision"/>
   </TcGlobalConstantAttach>
   <TcGlobalConstantAttach constantName="Awb0SupportsStructure" value="">
      <ConstantValue value="SP5AbsPartRevision"/>
   </TcGlobalConstantAttach>
   <TcGlobalConstantAttach constantName="Awb0SupportsStructure" value="">
      <ConstantValue value="SP5AbsPrDesRevision"/>
   </TcGlobalConstantAttach>
   <TcGlobalConstantAttach constantName="Awb0SupportsStructure" value="">
      <ConstantValue value="SP5PartEngRevision"/>
   </TcGlobalConstantAttach>
   <TcGlobalConstantAttach constantName="Awb0SupportsStructure" value="">
      <ConstantValue value="SP5PartMfgRevision"/>
   </TcGlobalConstantAttach>
   <TcGlobalConstantAttach constantName="Awb0SupportsStructure" value="">
      <ConstantValue value="SP5PrDesCreoRevision"/>
   </TcGlobalConstantAttach>
   <TcGlobalConstantAttach constantName="Awb0SupportsStructure" value="">
      <ConstantValue value="SP5PrDesNXRevision"/>
   </TcGlobalConstantAttach>
   <TcGlobalConstantAttach constantName="Awb0SupportsStructure" value="">
      <ConstantValue value="SP5PrDesSWRevision"/>
   </TcGlobalConstantAttach>
   <TcGlobalConstantAttach constantName="Fnd0SelectedLocales" value="en_US"/>
   <TcPropertyConstantAttach constantName="Awp0SearchCanFilter" typeName="SP5PrDesCreoRevision"
        propertyName="sp5AbsDesPropCLOV1" value="true"/>
   <TcPropertyConstantAttach constantName="Awp0SearchIsIndexed" typeName="SP5PrDesCreoRevision"
        propertyName="sp5AbsDesPropCLOV1" value="true"/>
   <Functionality name="SP5rimtc" displayName="rimtc" enabledForVerificationRules="false"
        description="Component for the template - sp5rimtc"/>
</Add>
</TcBusinessData>
