<?xml version="1.0" encoding="UTF-8"?>
<TcBusinessData xmlns="http://teamcenter.com/BusinessModel/TcBusinessData" Date="">
<Add>
   <TcClass className="SP5AbsDoc" parentClassName="Document" isExportable="false"
       isUninstantiable="false" isUninheritable="false" description=""/>
   <TcClass className="SP5AbsDocMasterS" parentClassName="IMSProfile" isExportable="false"
       isUninstantiable="false" isUninheritable="false" description=""/>
   <TcClass className="SP5AbsDocRevMasterS" parentClassName="IMSProfile" isExportable="false"
       isUninstantiable="false" isUninheritable="false" description=""/>
   <TcClass className="SP5AbsDocRevision" parentClassName="DocumentRevision" isExportable="false"
       isUninstantiable="false" isUninheritable="false" description="">
     <TcAttribute attributeName="sp5AbsDocPropStr1" description="" attributeType="POM_string"
         maxStringLength="128" isArray="false" followOnExport="false" isNullsAllowed="true"
         isUnique="false" isPublicRead="true" isPublicWrite="true" isCandidateKey="false"
         isTransient="false" exportAsString="false" noBackpointer="false" lowerBoundValue=""
         upperBoundValue=""/>
     <TcAttribute attributeName="sp5AbsDocPropStr2" description="" attributeType="POM_string"
         maxStringLength="128" isArray="false" followOnExport="false" isNullsAllowed="true"
         isUnique="false" isPublicRead="true" isPublicWrite="true" isCandidateKey="false"
         isTransient="false" exportAsString="false" noBackpointer="false" lowerBoundValue=""
         upperBoundValue=""/>
     <TcAttribute attributeName="sp5AbsDocPropStr3" description="" attributeType="POM_string"
         maxStringLength="128" isArray="false" followOnExport="false" isNullsAllowed="true"
         isUnique="false" isPublicRead="true" isPublicWrite="true" isCandidateKey="false"
         isTransient="false" exportAsString="false" noBackpointer="false" lowerBoundValue=""
         upperBoundValue=""/>
     <TcAttribute attributeName="sp5AbsDocPropStr4" description="" attributeType="POM_string"
         maxStringLength="128" isArray="false" followOnExport="false" isNullsAllowed="true"
         isUnique="false" isPublicRead="true" isPublicWrite="true" isCandidateKey="false"
         isTransient="false" exportAsString="false" noBackpointer="false" lowerBoundValue=""
         upperBoundValue=""/>
     <TcAttribute attributeName="sp5AbsDocPropStr5" description="" attributeType="POM_string"
         maxStringLength="128" isArray="false" followOnExport="false" isNullsAllowed="true"
         isUnique="false" isPublicRead="true" isPublicWrite="true" isCandidateKey="false"
         isTransient="false" exportAsString="false" noBackpointer="false" lowerBoundValue=""
         upperBoundValue=""/>
     <TcAttribute attributeName="sp5AbsDocPropStr6" description="" attributeType="POM_string"
         maxStringLength="128" isArray="false" followOnExport="false" isNullsAllowed="true"
         isUnique="false" isPublicRead="true" isPublicWrite="true" isCandidateKey="false"
         isTransient="false" exportAsString="false" noBackpointer="false" lowerBoundValue=""
         upperBoundValue=""/>
     <TcAttribute attributeName="sp5AbsDocPropStr7" description="" attributeType="POM_string"
         maxStringLength="128" isArray="false" followOnExport="false" isNullsAllowed="true"
         isUnique="false" isPublicRead="true" isPublicWrite="true" isCandidateKey="false"
         isTransient="false" exportAsString="false" noBackpointer="false" lowerBoundValue=""
         upperBoundValue=""/>
     <TcAttribute attributeName="sp5AbsDocPropStr8" description="" attributeType="POM_string"
         maxStringLength="128" isArray="false" followOnExport="false" isNullsAllowed="true"
         isUnique="false" isPublicRead="true" isPublicWrite="true" isCandidateKey="false"
         isTransient="false" exportAsString="false" noBackpointer="false" lowerBoundValue=""
         upperBoundValue=""/>
     <TcAttribute attributeName="sp5AbsDocPropStr9" description="" attributeType="POM_string"
         maxStringLength="128" isArray="false" followOnExport="false" isNullsAllowed="true"
         isUnique="false" isPublicRead="true" isPublicWrite="true" isCandidateKey="false"
         isTransient="false" exportAsString="false" noBackpointer="false" lowerBoundValue=""
         upperBoundValue=""/>
     <TcAttribute attributeName="sp5AbsDocPropStr10" description="" attributeType="POM_string"
         maxStringLength="128" isArray="false" followOnExport="false" isNullsAllowed="true"
         isUnique="false" isPublicRead="true" isPublicWrite="true" isCandidateKey="false"
         isTransient="false" exportAsString="false" noBackpointer="false" lowerBoundValue=""
         upperBoundValue=""/>
     <TcAttribute attributeName="sp5AbsDocPropDbl1" description="" attributeType="POM_double"
         maxStringLength="0" isArray="false" followOnExport="false" isNullsAllowed="true"
         isUnique="false" isPublicRead="true" isPublicWrite="true" isCandidateKey="false"
         isTransient="false" exportAsString="false" noBackpointer="false" lowerBoundValue=""
         upperBoundValue=""/>
     <TcAttribute attributeName="sp5AbsDocPropDbl2" description="" attributeType="POM_double"
         maxStringLength="0" isArray="false" followOnExport="false" isNullsAllowed="true"
         isUnique="false" isPublicRead="true" isPublicWrite="true" isCandidateKey="false"
         isTransient="false" exportAsString="false" noBackpointer="false" lowerBoundValue=""
         upperBoundValue=""/>
     <TcAttribute attributeName="sp5AbsDocPropDbl4" description="" attributeType="POM_double"
         maxStringLength="0" isArray="false" followOnExport="false" isNullsAllowed="true"
         isUnique="false" isPublicRead="true" isPublicWrite="true" isCandidateKey="false"
         isTransient="false" exportAsString="false" noBackpointer="false" lowerBoundValue=""
         upperBoundValue=""/>
     <TcAttribute attributeName="sp5AbsDocPropDbl3" description="" attributeType="POM_double"
         maxStringLength="0" isArray="false" followOnExport="false" isNullsAllowed="true"
         isUnique="false" isPublicRead="true" isPublicWrite="true" isCandidateKey="false"
         isTransient="false" exportAsString="false" noBackpointer="false" lowerBoundValue=""
         upperBoundValue=""/>
     <TcAttribute attributeName="sp5AbsDocPropDbl5" description="" attributeType="POM_double"
         maxStringLength="0" isArray="false" followOnExport="false" isNullsAllowed="true"
         isUnique="false" isPublicRead="true" isPublicWrite="true" isCandidateKey="false"
         isTransient="false" exportAsString="false" noBackpointer="false" lowerBoundValue=""
         upperBoundValue=""/>
     <TcAttribute attributeName="sp5AbsDocPropInt1" description="" attributeType="POM_int"
         maxStringLength="0" isArray="false" followOnExport="false" isNullsAllowed="true"
         isUnique="false" isPublicRead="true" isPublicWrite="true" isCandidateKey="false"
         isTransient="false" exportAsString="false" noBackpointer="false" lowerBoundValue=""
         upperBoundValue=""/>
     <TcAttribute attributeName="sp5AbsDocPropInt2" description="" attributeType="POM_int"
         maxStringLength="0" isArray="false" followOnExport="false" isNullsAllowed="true"
         isUnique="false" isPublicRead="true" isPublicWrite="true" isCandidateKey="false"
         isTransient="false" exportAsString="false" noBackpointer="false" lowerBoundValue=""
         upperBoundValue=""/>
     <TcAttribute attributeName="sp5AbsDocPropInt3" description="" attributeType="POM_int"
         maxStringLength="0" isArray="false" followOnExport="false" isNullsAllowed="true"
         isUnique="false" isPublicRead="true" isPublicWrite="true" isCandidateKey="false"
         isTransient="false" exportAsString="false" noBackpointer="false" lowerBoundValue=""
         upperBoundValue=""/>
     <TcAttribute attributeName="sp5AbsDocPropInt5" description="" attributeType="POM_int"
         maxStringLength="0" isArray="false" followOnExport="false" isNullsAllowed="true"
         isUnique="false" isPublicRead="true" isPublicWrite="true" isCandidateKey="false"
         isTransient="false" exportAsString="false" noBackpointer="false" lowerBoundValue=""
         upperBoundValue=""/>
     <TcAttribute attributeName="sp5AbsDocPropInt4" description="" attributeType="POM_int"
         maxStringLength="0" isArray="false" followOnExport="false" isNullsAllowed="true"
         isUnique="false" isPublicRead="true" isPublicWrite="true" isCandidateKey="false"
         isTransient="false" exportAsString="false" noBackpointer="false" lowerBoundValue=""
         upperBoundValue=""/>
     <TcAttribute attributeName="sp5AbsDocPropDate1" description="" attributeType="POM_date"
         maxStringLength="0" isArray="false" followOnExport="false" isNullsAllowed="true"
         isUnique="false" isPublicRead="true" isPublicWrite="true" isCandidateKey="false"
         isTransient="false" exportAsString="false" noBackpointer="false" lowerBoundValue=""
         upperBoundValue=""/>
     <TcAttribute attributeName="sp5AbsDocPropDate2" description="" attributeType="POM_date"
         maxStringLength="0" isArray="false" followOnExport="false" isNullsAllowed="true"
         isUnique="false" isPublicRead="true" isPublicWrite="true" isCandidateKey="false"
         isTransient="false" exportAsString="false" noBackpointer="false" lowerBoundValue=""
         upperBoundValue=""/>
     <TcAttribute attributeName="sp5AbsDocPropDate3" description="" attributeType="POM_date"
         maxStringLength="0" isArray="false" followOnExport="false" isNullsAllowed="true"
         isUnique="false" isPublicRead="true" isPublicWrite="true" isCandidateKey="false"
         isTransient="false" exportAsString="false" noBackpointer="false" lowerBoundValue=""
         upperBoundValue=""/>
     <TcAttribute attributeName="sp5AbsDocPropDate4" description="" attributeType="POM_date"
         maxStringLength="0" isArray="false" followOnExport="false" isNullsAllowed="true"
         isUnique="false" isPublicRead="true" isPublicWrite="true" isCandidateKey="false"
         isTransient="false" exportAsString="false" noBackpointer="false" lowerBoundValue=""
         upperBoundValue=""/>
     <TcAttribute attributeName="sp5AbsDocPropDate5" description="" attributeType="POM_date"
         maxStringLength="0" isArray="false" followOnExport="false" isNullsAllowed="true"
         isUnique="false" isPublicRead="true" isPublicWrite="true" isCandidateKey="false"
         isTransient="false" exportAsString="false" noBackpointer="false" lowerBoundValue=""
         upperBoundValue=""/>
     <TcAttribute attributeName="sp5AbsDocPropLStr1" description="" attributeType="POM_long_string"
         maxStringLength="0" isArray="false" followOnExport="false" isNullsAllowed="true"
         isUnique="false" isPublicRead="true" isPublicWrite="true" isCandidateKey="false"
         isTransient="false" exportAsString="false" noBackpointer="false" lowerBoundValue=""
         upperBoundValue=""/>
     <TcAttribute attributeName="sp5AbsDocPropCLOV1" description="" attributeType="POM_string"
         maxStringLength="128" isArray="false" followOnExport="false" isNullsAllowed="true"
         isUnique="false" isPublicRead="true" isPublicWrite="true" isCandidateKey="false"
         isTransient="false" exportAsString="false" noBackpointer="false" lowerBoundValue=""
         upperBoundValue=""/>
     <TcAttribute attributeName="sp5AbsDocPropCLOV2" description="" attributeType="POM_string"
         maxStringLength="128" isArray="false" followOnExport="false" isNullsAllowed="true"
         isUnique="false" isPublicRead="true" isPublicWrite="true" isCandidateKey="false"
         isTransient="false" exportAsString="false" noBackpointer="false" lowerBoundValue=""
         upperBoundValue=""/>
     <TcAttribute attributeName="sp5AbsDocPropCLOV4" description="" attributeType="POM_string"
         maxStringLength="128" isArray="false" followOnExport="false" isNullsAllowed="true"
         isUnique="false" isPublicRead="true" isPublicWrite="true" isCandidateKey="false"
         isTransient="false" exportAsString="false" noBackpointer="false" lowerBoundValue=""
         upperBoundValue=""/>
     <TcAttribute attributeName="sp5AbsDocPropCLOV3" description="" attributeType="POM_string"
         maxStringLength="128" isArray="false" followOnExport="false" isNullsAllowed="true"
         isUnique="false" isPublicRead="true" isPublicWrite="true" isCandidateKey="false"
         isTransient="false" exportAsString="false" noBackpointer="false" lowerBoundValue=""
         upperBoundValue=""/>
     <TcAttribute attributeName="sp5AbsDocPropCLOV5" description="" attributeType="POM_string"
         maxStringLength="128" isArray="false" followOnExport="false" isNullsAllowed="true"
         isUnique="false" isPublicRead="true" isPublicWrite="true" isCandidateKey="false"
         isTransient="false" exportAsString="false" noBackpointer="false" lowerBoundValue=""
         upperBoundValue=""/>
     <TcAttribute attributeName="sp5AbsDocPropDLOV1" description="" attributeType="POM_string"
         maxStringLength="128" isArray="false" followOnExport="false" isNullsAllowed="true"
         isUnique="false" isPublicRead="true" isPublicWrite="true" isCandidateKey="false"
         isTransient="false" exportAsString="false" noBackpointer="false" lowerBoundValue=""
         upperBoundValue=""/>
     <TcAttribute attributeName="sp5AbsDocPropDLOV2" description="" attributeType="POM_string"
         maxStringLength="128" isArray="false" followOnExport="false" isNullsAllowed="true"
         isUnique="false" isPublicRead="true" isPublicWrite="true" isCandidateKey="false"
         isTransient="false" exportAsString="false" noBackpointer="false" lowerBoundValue=""
         upperBoundValue=""/>
   </TcClass>
   <TcClass className="SP5DocDeliv" parentClassName="SP5AbsDoc" isExportable="false"
       isUninstantiable="false" isUninheritable="false" description=""/>
   <TcClass className="SP5DocDelivMasterS" parentClassName="SP5AbsDocMasterS" isExportable="false"
       isUninstantiable="false" isUninheritable="false" description=""/>
   <TcClass className="SP5DocDelivRevMasterS" parentClassName="SP5AbsDocRevMasterS"
       isExportable="false" isUninstantiable="false" isUninheritable="false" description=""/>
   <TcClass className="SP5DocDelivRevision" parentClassName="SP5AbsDocRevision" isExportable="false"
       isUninstantiable="false" isUninheritable="false" description=""/>
   <TcClass className="SP5DocRef" parentClassName="SP5AbsDoc" isExportable="false"
       isUninstantiable="false" isUninheritable="false" description=""/>
   <TcClass className="SP5DocRefMasterS" parentClassName="SP5AbsDocMasterS" isExportable="false"
       isUninstantiable="false" isUninheritable="false" description=""/>
   <TcClass className="SP5DocRefRevMasterS" parentClassName="SP5AbsDocRevMasterS"
       isExportable="false" isUninstantiable="false" isUninheritable="false" description=""/>
   <TcClass className="SP5DocRefRevision" parentClassName="SP5AbsDocRevision" isExportable="false"
       isUninstantiable="false" isUninheritable="false" description=""/>
   <TcClass className="SP5DocTech" parentClassName="SP5AbsDoc" isExportable="false"
       isUninstantiable="false" isUninheritable="false" description=""/>
   <TcClass className="SP5DocTechMasterS" parentClassName="SP5AbsDocMasterS" isExportable="false"
       isUninstantiable="false" isUninheritable="false" description=""/>
   <TcClass className="SP5DocTechRevMasterS" parentClassName="SP5AbsDocRevMasterS"
       isExportable="false" isUninstantiable="false" isUninheritable="false" description=""/>
   <TcClass className="SP5DocTechRevision" parentClassName="SP5AbsDocRevision" isExportable="false"
       isUninstantiable="false" isUninheritable="false" description=""/>
   <TcClass className="SP5HasTechDoc" parentClassName="ImanRelation" isExportable="false"
       isUninstantiable="false" isUninheritable="false" description=""/>
   <OperationInputType typeName="SP5AbsDocCreI" parentTypeName="DocumentCreI" typeClassName="SP5AbsDocCreI"
       description="CreateInput object for &quot;SP5AbsDoc&quot; business object"
       isAbstract="true" artifactName="SP5AbsDocCreI"/>
   <OperationInputType typeName="SP5AbsDocMasterCreI" parentTypeName="Document MasterCreI"
       typeClassName="SP5AbsDocMasterCreI" description="CreateInput object for &quot;SP5AbsDocMaster&quot; business object"
       isAbstract="false" artifactName="SP5AbsDocMasterCreI"/>
   <OperationInputType typeName="SP5AbsDocMasterSCreI" parentTypeName="IMSProfileCreI"
       typeClassName="SP5AbsDocMasterSCreI" description="CreateInput object for &quot;SP5AbsDocMasterS&quot; business object"
       isAbstract="false" artifactName="SP5AbsDocMasterSCreI"/>
   <OperationInputType typeName="SP5AbsDocMasterSSvAI" parentTypeName="IMSProfileSvAI"
       typeClassName="SP5AbsDocMasterSSvAI" description="SaveAsInput object for &quot;SP5AbsDocMasterS&quot; business object"
       isAbstract="false" artifactName="SP5AbsDocMasterSSvAI"/>
   <OperationInputType typeName="SP5AbsDocMasterSvAI" parentTypeName="Document MasterSvAI"
       typeClassName="SP5AbsDocMasterSvAI" description="SaveAsInput object for &quot;SP5AbsDocMaster&quot; business object"
       isAbstract="false" artifactName="SP5AbsDocMasterSvAI"/>
   <OperationInputType typeName="SP5AbsDocRevMasterSCreI" parentTypeName="IMSProfileCreI"
       typeClassName="SP5AbsDocRevMasterSCreI" description="CreateInput object for &quot;SP5AbsDocRevMasterS&quot; business object"
       isAbstract="false" artifactName="SP5AbsDocRevMasterSCreI"/>
   <OperationInputType typeName="SP5AbsDocRevMasterSSvAI" parentTypeName="IMSProfileSvAI"
       typeClassName="SP5AbsDocRevMasterSSvAI" description="SaveAsInput object for &quot;SP5AbsDocRevMasterS&quot; business object"
       isAbstract="false" artifactName="SP5AbsDocRevMasterSSvAI"/>
   <OperationInputType typeName="SP5AbsDocRevisionCreI" parentTypeName="DocumentRevisionCreI"
       typeClassName="SP5AbsDocRevisionCreI" description="CreateInput object for &quot;SP5AbsDocRevision&quot; business object"
       isAbstract="true" artifactName="SP5AbsDocRevisionCreI">
     <OperationInputProperty propName="sp5AbsDocPropDbl1" compoundObjectConstant=""
         srcPropName="sp5AbsDocPropDbl1" compoundObjectType="" fieldType="SimpleProperty"
         description=""/>
     <OperationInputProperty propName="sp5AbsDocPropDbl2" compoundObjectConstant=""
         srcPropName="sp5AbsDocPropDbl2" compoundObjectType="" fieldType="SimpleProperty"
         description=""/>
     <OperationInputProperty propName="sp5AbsDocPropDbl4" compoundObjectConstant=""
         srcPropName="sp5AbsDocPropDbl4" compoundObjectType="" fieldType="SimpleProperty"
         description=""/>
     <OperationInputProperty propName="sp5AbsDocPropDbl3" compoundObjectConstant=""
         srcPropName="sp5AbsDocPropDbl3" compoundObjectType="" fieldType="SimpleProperty"
         description=""/>
     <OperationInputProperty propName="sp5AbsDocPropDbl5" compoundObjectConstant=""
         srcPropName="sp5AbsDocPropDbl5" compoundObjectType="" fieldType="SimpleProperty"
         description=""/>
     <OperationInputProperty propName="sp5AbsDocPropInt1" compoundObjectConstant=""
         srcPropName="sp5AbsDocPropInt1" compoundObjectType="" fieldType="SimpleProperty"
         description=""/>
     <OperationInputProperty propName="sp5AbsDocPropInt2" compoundObjectConstant=""
         srcPropName="sp5AbsDocPropInt2" compoundObjectType="" fieldType="SimpleProperty"
         description=""/>
     <OperationInputProperty propName="sp5AbsDocPropInt3" compoundObjectConstant=""
         srcPropName="sp5AbsDocPropInt3" compoundObjectType="" fieldType="SimpleProperty"
         description=""/>
     <OperationInputProperty propName="sp5AbsDocPropInt5" compoundObjectConstant=""
         srcPropName="sp5AbsDocPropInt5" compoundObjectType="" fieldType="SimpleProperty"
         description=""/>
     <OperationInputProperty propName="sp5AbsDocPropInt4" compoundObjectConstant=""
         srcPropName="sp5AbsDocPropInt4" compoundObjectType="" fieldType="SimpleProperty"
         description=""/>
     <OperationInputProperty propName="sp5AbsDocPropDate1" compoundObjectConstant=""
         srcPropName="sp5AbsDocPropDate1" compoundObjectType="" fieldType="SimpleProperty"
         description=""/>
     <OperationInputProperty propName="sp5AbsDocPropDate2" compoundObjectConstant=""
         srcPropName="sp5AbsDocPropDate2" compoundObjectType="" fieldType="SimpleProperty"
         description=""/>
     <OperationInputProperty propName="sp5AbsDocPropDate3" compoundObjectConstant=""
         srcPropName="sp5AbsDocPropDate3" compoundObjectType="" fieldType="SimpleProperty"
         description=""/>
     <OperationInputProperty propName="sp5AbsDocPropDate4" compoundObjectConstant=""
         srcPropName="sp5AbsDocPropDate4" compoundObjectType="" fieldType="SimpleProperty"
         description=""/>
     <OperationInputProperty propName="sp5AbsDocPropDate5" compoundObjectConstant=""
         srcPropName="sp5AbsDocPropDate5" compoundObjectType="" fieldType="SimpleProperty"
         description=""/>
     <OperationInputProperty propName="sp5AbsDocPropLStr1" compoundObjectConstant=""
         srcPropName="sp5AbsDocPropLStr1" compoundObjectType="" fieldType="SimpleProperty"
         description=""/>
     <OperationInputProperty propName="sp5AbsDocPropCLOV1" compoundObjectConstant=""
         srcPropName="sp5AbsDocPropCLOV1" compoundObjectType="" fieldType="SimpleProperty"
         description=""/>
     <OperationInputProperty propName="sp5AbsDocPropCLOV2" compoundObjectConstant=""
         srcPropName="sp5AbsDocPropCLOV2" compoundObjectType="" fieldType="SimpleProperty"
         description=""/>
     <OperationInputProperty propName="sp5AbsDocPropCLOV4" compoundObjectConstant=""
         srcPropName="sp5AbsDocPropCLOV4" compoundObjectType="" fieldType="SimpleProperty"
         description=""/>
     <OperationInputProperty propName="sp5AbsDocPropCLOV3" compoundObjectConstant=""
         srcPropName="sp5AbsDocPropCLOV3" compoundObjectType="" fieldType="SimpleProperty"
         description=""/>
     <OperationInputProperty propName="sp5AbsDocPropCLOV5" compoundObjectConstant=""
         srcPropName="sp5AbsDocPropCLOV5" compoundObjectType="" fieldType="SimpleProperty"
         description=""/>
     <OperationInputProperty propName="sp5AbsDocPropDLOV1" compoundObjectConstant=""
         srcPropName="sp5AbsDocPropDLOV1" compoundObjectType="" fieldType="SimpleProperty"
         description=""/>
     <OperationInputProperty propName="sp5AbsDocPropDLOV2" compoundObjectConstant=""
         srcPropName="sp5AbsDocPropDLOV2" compoundObjectType="" fieldType="SimpleProperty"
         description=""/>
   </OperationInputType>
   <OperationInputType typeName="SP5AbsDocRevisionMasterCreI" parentTypeName="DocumentRevision MasterCreI"
       typeClassName="SP5AbsDocRevisionMasterCreI" description="CreateInput object for &quot;SP5AbsDocRevisionMaster&quot; business object"
       isAbstract="false" artifactName="SP5AbsDocRevisionMasterCreI"/>
   <OperationInputType typeName="SP5AbsDocRevisionMasterSvAI" parentTypeName="DocumentRevision MasterSvAI"
       typeClassName="SP5AbsDocRevisionMasterSvAI" description="SaveAsInput object for &quot;SP5AbsDocRevisionMaster&quot; business object"
       isAbstract="false" artifactName="SP5AbsDocRevisionMasterSvAI"/>
   <OperationInputType typeName="SP5AbsDocRevisionRevI" parentTypeName="DocumentRevisionRevI"
       typeClassName="SP5AbsDocRevisionRevI" description="ReviseInput object for &quot;SP5AbsDocRevision&quot; business object"
       isAbstract="true" artifactName="SP5AbsDocRevisionRevI"/>
   <OperationInputType typeName="SP5AbsDocRevisionSvAI" parentTypeName="DocumentRevisionSvAI"
       typeClassName="SP5AbsDocRevisionSvAI" description="SaveAsInput object for &quot;SP5AbsDocRevision&quot; business object"
       isAbstract="true" artifactName="SP5AbsDocRevisionSvAI"/>
   <OperationInputType typeName="SP5AbsDocSvAI" parentTypeName="DocumentSvAI" typeClassName="SP5AbsDocSvAI"
       description="SaveAsInput object for &quot;SP5AbsDoc&quot; business object"
       isAbstract="true" artifactName="SP5AbsDocSvAI"/>
   <OperationInputType typeName="SP5DocDelivCreI" parentTypeName="SP5AbsDocCreI" typeClassName="SP5DocDelivCreI"
       description="CreateInput object for &quot;SP5DocDeliv&quot; business object"
       isAbstract="false" artifactName="SP5DocDelivCreI"/>
   <OperationInputType typeName="SP5DocDelivMasterCreI" parentTypeName="SP5AbsDocMasterCreI"
       typeClassName="SP5DocDelivMasterCreI" description="CreateInput object for &quot;SP5DocDelivMaster&quot; business object"
       isAbstract="false" artifactName="SP5DocDelivMasterCreI"/>
   <OperationInputType typeName="SP5DocDelivMasterSCreI" parentTypeName="SP5AbsDocMasterSCreI"
       typeClassName="SP5DocDelivMasterSCreI" description="CreateInput object for &quot;SP5DocDelivMasterS&quot; business object"
       isAbstract="false" artifactName="SP5DocDelivMasterSCreI"/>
   <OperationInputType typeName="SP5DocDelivMasterSSvAI" parentTypeName="SP5AbsDocMasterSSvAI"
       typeClassName="SP5DocDelivMasterSSvAI" description="SaveAsInput object for &quot;SP5DocDelivMasterS&quot; business object"
       isAbstract="false" artifactName="SP5DocDelivMasterSSvAI"/>
   <OperationInputType typeName="SP5DocDelivMasterSvAI" parentTypeName="SP5AbsDocMasterSvAI"
       typeClassName="SP5DocDelivMasterSvAI" description="SaveAsInput object for &quot;SP5DocDelivMaster&quot; business object"
       isAbstract="false" artifactName="SP5DocDelivMasterSvAI"/>
   <OperationInputType typeName="SP5DocDelivRevMasterSCreI" parentTypeName="SP5AbsDocRevMasterSCreI"
       typeClassName="SP5DocDelivRevMasterSCreI" description="CreateInput object for &quot;SP5DocDelivRevMasterS&quot; business object"
       isAbstract="false" artifactName="SP5DocDelivRevMasterSCreI"/>
   <OperationInputType typeName="SP5DocDelivRevMasterSSvAI" parentTypeName="SP5AbsDocRevMasterSSvAI"
       typeClassName="SP5DocDelivRevMasterSSvAI" description="SaveAsInput object for &quot;SP5DocDelivRevMasterS&quot; business object"
       isAbstract="false" artifactName="SP5DocDelivRevMasterSSvAI"/>
   <OperationInputType typeName="SP5DocDelivRevisionCreI" parentTypeName="SP5AbsDocRevisionCreI"
       typeClassName="SP5DocDelivRevisionCreI" description="CreateInput object for &quot;SP5DocDelivRevision&quot; business object"
       isAbstract="false" artifactName="SP5DocDelivRevisionCreI"/>
   <OperationInputType typeName="SP5DocDelivRevisionMasterCreI" parentTypeName="SP5AbsDocRevisionMasterCreI"
       typeClassName="SP5DocDelivRevisionMasterCreI" description="CreateInput object for &quot;SP5DocDelivRevisionMaster&quot; business object"
       isAbstract="false" artifactName="SP5DocDelivRevisionMasterCreI"/>
   <OperationInputType typeName="SP5DocDelivRevisionMasterSvAI" parentTypeName="SP5AbsDocRevisionMasterSvAI"
       typeClassName="SP5DocDelivRevisionMasterSvAI" description="SaveAsInput object for &quot;SP5DocDelivRevisionMaster&quot; business object"
       isAbstract="false" artifactName="SP5DocDelivRevisionMasterSvAI"/>
   <OperationInputType typeName="SP5DocDelivRevisionRevI" parentTypeName="SP5AbsDocRevisionRevI"
       typeClassName="SP5DocDelivRevisionRevI" description="ReviseInput object for &quot;SP5DocDelivRevision&quot; business object"
       isAbstract="false" artifactName="SP5DocDelivRevisionRevI"/>
   <OperationInputType typeName="SP5DocDelivRevisionSvAI" parentTypeName="SP5AbsDocRevisionSvAI"
       typeClassName="SP5DocDelivRevisionSvAI" description="SaveAsInput object for &quot;SP5DocDelivRevision&quot; business object"
       isAbstract="false" artifactName="SP5DocDelivRevisionSvAI"/>
   <OperationInputType typeName="SP5DocDelivSvAI" parentTypeName="SP5AbsDocSvAI" typeClassName="SP5DocDelivSvAI"
       description="SaveAsInput object for &quot;SP5DocDeliv&quot; business object"
       isAbstract="false" artifactName="SP5DocDelivSvAI"/>
   <OperationInputType typeName="SP5DocRefCreI" parentTypeName="SP5AbsDocCreI" typeClassName="SP5DocRefCreI"
       description="CreateInput object for &quot;SP5DocRef&quot; business object"
       isAbstract="false" artifactName="SP5DocRefCreI"/>
   <OperationInputType typeName="SP5DocRefMasterCreI" parentTypeName="SP5AbsDocMasterCreI"
       typeClassName="SP5DocRefMasterCreI" description="CreateInput object for &quot;SP5DocRefMaster&quot; business object"
       isAbstract="false" artifactName="SP5DocRefMasterCreI"/>
   <OperationInputType typeName="SP5DocRefMasterSCreI" parentTypeName="SP5AbsDocMasterSCreI"
       typeClassName="SP5DocRefMasterSCreI" description="CreateInput object for &quot;SP5DocRefMasterS&quot; business object"
       isAbstract="false" artifactName="SP5DocRefMasterSCreI"/>
   <OperationInputType typeName="SP5DocRefMasterSSvAI" parentTypeName="SP5AbsDocMasterSSvAI"
       typeClassName="SP5DocRefMasterSSvAI" description="SaveAsInput object for &quot;SP5DocRefMasterS&quot; business object"
       isAbstract="false" artifactName="SP5DocRefMasterSSvAI"/>
   <OperationInputType typeName="SP5DocRefMasterSvAI" parentTypeName="SP5AbsDocMasterSvAI"
       typeClassName="SP5DocRefMasterSvAI" description="SaveAsInput object for &quot;SP5DocRefMaster&quot; business object"
       isAbstract="false" artifactName="SP5DocRefMasterSvAI"/>
   <OperationInputType typeName="SP5DocRefRevMasterSCreI" parentTypeName="SP5AbsDocRevMasterSCreI"
       typeClassName="SP5DocRefRevMasterSCreI" description="CreateInput object for &quot;SP5DocRefRevMasterS&quot; business object"
       isAbstract="false" artifactName="SP5DocRefRevMasterSCreI"/>
   <OperationInputType typeName="SP5DocRefRevMasterSSvAI" parentTypeName="SP5AbsDocRevMasterSSvAI"
       typeClassName="SP5DocRefRevMasterSSvAI" description="SaveAsInput object for &quot;SP5DocRefRevMasterS&quot; business object"
       isAbstract="false" artifactName="SP5DocRefRevMasterSSvAI"/>
   <OperationInputType typeName="SP5DocRefRevisionCreI" parentTypeName="SP5AbsDocRevisionCreI"
       typeClassName="SP5DocRefRevisionCreI" description="CreateInput object for &quot;SP5DocRefRevision&quot; business object"
       isAbstract="false" artifactName="SP5DocRefRevisionCreI"/>
   <OperationInputType typeName="SP5DocRefRevisionMasterCreI" parentTypeName="SP5AbsDocRevisionMasterCreI"
       typeClassName="SP5DocRefRevisionMasterCreI" description="CreateInput object for &quot;SP5DocRefRevisionMaster&quot; business object"
       isAbstract="false" artifactName="SP5DocRefRevisionMasterCreI"/>
   <OperationInputType typeName="SP5DocRefRevisionMasterSvAI" parentTypeName="SP5AbsDocRevisionMasterSvAI"
       typeClassName="SP5DocRefRevisionMasterSvAI" description="SaveAsInput object for &quot;SP5DocRefRevisionMaster&quot; business object"
       isAbstract="false" artifactName="SP5DocRefRevisionMasterSvAI"/>
   <OperationInputType typeName="SP5DocRefRevisionRevI" parentTypeName="SP5AbsDocRevisionRevI"
       typeClassName="SP5DocRefRevisionRevI" description="ReviseInput object for &quot;SP5DocRefRevision&quot; business object"
       isAbstract="false" artifactName="SP5DocRefRevisionRevI"/>
   <OperationInputType typeName="SP5DocRefRevisionSvAI" parentTypeName="SP5AbsDocRevisionSvAI"
       typeClassName="SP5DocRefRevisionSvAI" description="SaveAsInput object for &quot;SP5DocRefRevision&quot; business object"
       isAbstract="false" artifactName="SP5DocRefRevisionSvAI"/>
   <OperationInputType typeName="SP5DocRefSvAI" parentTypeName="SP5AbsDocSvAI" typeClassName="SP5DocRefSvAI"
       description="SaveAsInput object for &quot;SP5DocRef&quot; business object"
       isAbstract="false" artifactName="SP5DocRefSvAI"/>
   <OperationInputType typeName="SP5DocTechCreI" parentTypeName="SP5AbsDocCreI" typeClassName="SP5DocTechCreI"
       description="CreateInput object for &quot;SP5DocTech&quot; business object"
       isAbstract="false" artifactName="SP5DocTechCreI"/>
   <OperationInputType typeName="SP5DocTechMasterCreI" parentTypeName="SP5AbsDocMasterCreI"
       typeClassName="SP5DocTechMasterCreI" description="CreateInput object for &quot;SP5DocTechMaster&quot; business object"
       isAbstract="false" artifactName="SP5DocTechMasterCreI"/>
   <OperationInputType typeName="SP5DocTechMasterSCreI" parentTypeName="SP5AbsDocMasterSCreI"
       typeClassName="SP5DocTechMasterSCreI" description="CreateInput object for &quot;SP5DocTechMasterS&quot; business object"
       isAbstract="false" artifactName="SP5DocTechMasterSCreI"/>
   <OperationInputType typeName="SP5DocTechMasterSSvAI" parentTypeName="SP5AbsDocMasterSSvAI"
       typeClassName="SP5DocTechMasterSSvAI" description="SaveAsInput object for &quot;SP5DocTechMasterS&quot; business object"
       isAbstract="false" artifactName="SP5DocTechMasterSSvAI"/>
   <OperationInputType typeName="SP5DocTechMasterSvAI" parentTypeName="SP5AbsDocMasterSvAI"
       typeClassName="SP5DocTechMasterSvAI" description="SaveAsInput object for &quot;SP5DocTechMaster&quot; business object"
       isAbstract="false" artifactName="SP5DocTechMasterSvAI"/>
   <OperationInputType typeName="SP5DocTechRevMasterSCreI" parentTypeName="SP5AbsDocRevMasterSCreI"
       typeClassName="SP5DocTechRevMasterSCreI" description="CreateInput object for &quot;SP5DocTechRevMasterS&quot; business object"
       isAbstract="false" artifactName="SP5DocTechRevMasterSCreI"/>
   <OperationInputType typeName="SP5DocTechRevMasterSSvAI" parentTypeName="SP5AbsDocRevMasterSSvAI"
       typeClassName="SP5DocTechRevMasterSSvAI" description="SaveAsInput object for &quot;SP5DocTechRevMasterS&quot; business object"
       isAbstract="false" artifactName="SP5DocTechRevMasterSSvAI"/>
   <OperationInputType typeName="SP5DocTechRevisionCreI" parentTypeName="SP5AbsDocRevisionCreI"
       typeClassName="SP5DocTechRevisionCreI" description="CreateInput object for &quot;SP5DocTechRevision&quot; business object"
       isAbstract="false" artifactName="SP5DocTechRevisionCreI"/>
   <OperationInputType typeName="SP5DocTechRevisionMasterCreI" parentTypeName="SP5AbsDocRevisionMasterCreI"
       typeClassName="SP5DocTechRevisionMasterCreI" description="CreateInput object for &quot;SP5DocTechRevisionMaster&quot; business object"
       isAbstract="false" artifactName="SP5DocTechRevisionMasterCreI"/>
   <OperationInputType typeName="SP5DocTechRevisionMasterSvAI" parentTypeName="SP5AbsDocRevisionMasterSvAI"
       typeClassName="SP5DocTechRevisionMasterSvAI" description="SaveAsInput object for &quot;SP5DocTechRevisionMaster&quot; business object"
       isAbstract="false" artifactName="SP5DocTechRevisionMasterSvAI"/>
   <OperationInputType typeName="SP5DocTechRevisionRevI" parentTypeName="SP5AbsDocRevisionRevI"
       typeClassName="SP5DocTechRevisionRevI" description="ReviseInput object for &quot;SP5DocTechRevision&quot; business object"
       isAbstract="false" artifactName="SP5DocTechRevisionRevI"/>
   <OperationInputType typeName="SP5DocTechRevisionSvAI" parentTypeName="SP5AbsDocRevisionSvAI"
       typeClassName="SP5DocTechRevisionSvAI" description="SaveAsInput object for &quot;SP5DocTechRevision&quot; business object"
       isAbstract="false" artifactName="SP5DocTechRevisionSvAI"/>
   <OperationInputType typeName="SP5DocTechSvAI" parentTypeName="SP5AbsDocSvAI" typeClassName="SP5DocTechSvAI"
       description="SaveAsInput object for &quot;SP5DocTech&quot; business object"
       isAbstract="false" artifactName="SP5DocTechSvAI"/>
   <OperationInputType typeName="SP5HasDelvCreI" parentTypeName="IMAN_referenceCreI"
       typeClassName="SP5HasDelvCreI" description="CreateInput object for &quot;SP5HasDelv&quot; business object"
       isAbstract="false" artifactName="SP5HasDelvCreI"/>
   <OperationInputType typeName="SP5HasDelvSvAI" parentTypeName="IMAN_referenceSvAI"
       typeClassName="SP5HasDelvSvAI" description="SaveAsInput object for &quot;SP5HasDelv&quot; business object"
       isAbstract="false" artifactName="SP5HasDelvSvAI"/>
   <OperationInputType typeName="SP5HasRefCreI" parentTypeName="IMAN_referenceCreI"
       typeClassName="SP5HasRefCreI" description="CreateInput object for &quot;SP5HasRef&quot; business object"
       isAbstract="false" artifactName="SP5HasRefCreI"/>
   <OperationInputType typeName="SP5HasRefSvAI" parentTypeName="IMAN_referenceSvAI"
       typeClassName="SP5HasRefSvAI" description="SaveAsInput object for &quot;SP5HasRef&quot; business object"
       isAbstract="false" artifactName="SP5HasRefSvAI"/>
   <OperationInputType typeName="SP5HasTechDocCreI" parentTypeName="ImanRelationCreI"
       typeClassName="SP5HasTechDocCreI" description="CreateInput object for &quot;SP5HasTechDoc&quot; business object"
       isAbstract="false" artifactName="SP5HasTechDocCreI"/>
   <OperationInputType typeName="SP5HasTechDocSvAI" parentTypeName="ImanRelationSvAI"
       typeClassName="SP5HasTechDocSvAI" description="SaveAsInput object for &quot;SP5HasTechDoc&quot; business object"
       isAbstract="false" artifactName="SP5HasTechDocSvAI"/>
   <TcForm typeName="SP5AbsDocMaster" parentTypeName="Document Master" typeClassName="Form"
       description="MasterForm object for &quot;SP5AbsDoc&quot; business object" isAbstract="false"
       artifactName="SP5AbsDocMaster" functionality="SP5rimtc" formStorageClassName="SP5AbsDocMasterS"/>
   <TcForm typeName="SP5AbsDocRevisionMaster" parentTypeName="DocumentRevision Master"
       typeClassName="Form" description="MasterForm object for &quot;SP5AbsDocRevision&quot; business object"
       isAbstract="false" artifactName="SP5AbsDocRevisionMaster" functionality="SP5rimtc"
       formStorageClassName="SP5AbsDocRevMasterS"/>
   <TcForm typeName="SP5DocDelivMaster" parentTypeName="SP5AbsDocMaster" typeClassName="Form"
       description="MasterForm object for &quot;SP5DocDeliv&quot; business object"
       isAbstract="false" artifactName="SP5DocDelivMaster" functionality="SP5rimtc"
       formStorageClassName="SP5DocDelivMasterS"/>
   <TcForm typeName="SP5DocDelivRevisionMaster" parentTypeName="SP5AbsDocRevisionMaster"
       typeClassName="Form" description="MasterForm object for &quot;SP5DocDelivRevision&quot; business object"
       isAbstract="false" artifactName="SP5DocDelivRevisionMaster" functionality="SP5rimtc"
       formStorageClassName="SP5DocDelivRevMasterS"/>
   <TcForm typeName="SP5DocRefMaster" parentTypeName="SP5AbsDocMaster" typeClassName="Form"
       description="MasterForm object for &quot;SP5DocRef&quot; business object" isAbstract="false"
       artifactName="SP5DocRefMaster" functionality="SP5rimtc" formStorageClassName="SP5DocRefMasterS"/>
   <TcForm typeName="SP5DocRefRevisionMaster" parentTypeName="SP5AbsDocRevisionMaster"
       typeClassName="Form" description="MasterForm object for &quot;SP5DocRefRevision&quot; business object"
       isAbstract="false" artifactName="SP5DocRefRevisionMaster" functionality="SP5rimtc"
       formStorageClassName="SP5DocRefRevMasterS"/>
   <TcForm typeName="SP5DocTechMaster" parentTypeName="SP5AbsDocMaster" typeClassName="Form"
       description="MasterForm object for &quot;SP5DocTech&quot; business object"
       isAbstract="false" artifactName="SP5DocTechMaster" functionality="SP5rimtc"
       formStorageClassName="SP5DocTechMasterS"/>
   <TcForm typeName="SP5DocTechRevisionMaster" parentTypeName="SP5AbsDocRevisionMaster"
       typeClassName="Form" description="MasterForm object for &quot;SP5DocTechRevision&quot; business object"
       isAbstract="false" artifactName="SP5DocTechRevisionMaster" functionality="SP5rimtc"
       formStorageClassName="SP5DocTechRevMasterS"/>
   <TcStandardType typeName="SP5AbsDoc" parentTypeName="Document" typeClassName="SP5AbsDoc"
       description="" isAbstract="true" artifactName="SP5AbsDoc" functionality="SP5rimtc"/>
   <TcStandardType typeName="SP5AbsDocMasterS" parentTypeName="IMSProfile" typeClassName="SP5AbsDocMasterS"
       description="Form Storage object for &quot;SP5AbsDocMaster&quot; business object"
       isAbstract="false" artifactName="SP5AbsDocMasterS" functionality="SP5rimtc"/>
   <TcStandardType typeName="SP5AbsDocRevMasterS" parentTypeName="IMSProfile" typeClassName="SP5AbsDocRevMasterS"
       description="Form Storage object for &quot;SP5AbsDocRevMaster&quot; business object"
       isAbstract="false" artifactName="SP5AbsDocRevMasterS" functionality="SP5rimtc"/>
   <TcStandardType typeName="SP5AbsDocRevision" parentTypeName="DocumentRevision"
       typeClassName="SP5AbsDocRevision" description="ItemRevision object for &quot;SP5AbsDoc&quot;  business object"
       isAbstract="true" artifactName="SP5AbsDocRevision" functionality="SP5rimtc"/>
   <TcStandardType typeName="SP5DocDeliv" parentTypeName="SP5AbsDoc" typeClassName="SP5DocDeliv"
       description="" isAbstract="false" artifactName="SP5DocDeliv" functionality="SP5rimtc"/>
   <TcStandardType typeName="SP5DocDelivMasterS" parentTypeName="SP5AbsDocMasterS"
       typeClassName="SP5DocDelivMasterS" description="Form Storage object for &quot;SP5DocDelivMaster&quot; business object"
       isAbstract="false" artifactName="SP5DocDelivMasterS" functionality="SP5rimtc"/>
   <TcStandardType typeName="SP5DocDelivRevMasterS" parentTypeName="SP5AbsDocRevMasterS"
       typeClassName="SP5DocDelivRevMasterS" description="Form Storage object for &quot;SP5DocDelivRevMaster&quot; business object"
       isAbstract="false" artifactName="SP5DocDelivRevMasterS" functionality="SP5rimtc"/>
   <TcStandardType typeName="SP5DocDelivRevision" parentTypeName="SP5AbsDocRevision"
       typeClassName="SP5DocDelivRevision" description="ItemRevision object for &quot;SP5DocDeliv&quot;  business object"
       isAbstract="false" artifactName="SP5DocDelivRevision" functionality="SP5rimtc"/>
   <TcStandardType typeName="SP5DocRef" parentTypeName="SP5AbsDoc" typeClassName="SP5DocRef"
       description="" isAbstract="false" artifactName="SP5DocRef" functionality="SP5rimtc"/>
   <TcStandardType typeName="SP5DocRefMasterS" parentTypeName="SP5AbsDocMasterS" typeClassName="SP5DocRefMasterS"
       description="Form Storage object for &quot;SP5DocRefMaster&quot; business object"
       isAbstract="false" artifactName="SP5DocRefMasterS" functionality="SP5rimtc"/>
   <TcStandardType typeName="SP5DocRefRevMasterS" parentTypeName="SP5AbsDocRevMasterS"
       typeClassName="SP5DocRefRevMasterS" description="Form Storage object for &quot;SP5DocRefRevMaster&quot; business object"
       isAbstract="false" artifactName="SP5DocRefRevMasterS" functionality="SP5rimtc"/>
   <TcStandardType typeName="SP5DocRefRevision" parentTypeName="SP5AbsDocRevision"
       typeClassName="SP5DocRefRevision" description="ItemRevision object for &quot;SP5DocRef&quot;  business object"
       isAbstract="false" artifactName="SP5DocRefRevision" functionality="SP5rimtc"/>
   <TcStandardType typeName="SP5DocTech" parentTypeName="SP5AbsDoc" typeClassName="SP5DocTech"
       description="" isAbstract="false" artifactName="SP5DocTech" functionality="SP5rimtc"/>
   <TcStandardType typeName="SP5DocTechMasterS" parentTypeName="SP5AbsDocMasterS"
       typeClassName="SP5DocTechMasterS" description="Form Storage object for &quot;SP5DocTechMaster&quot; business object"
       isAbstract="false" artifactName="SP5DocTechMasterS" functionality="SP5rimtc"/>
   <TcStandardType typeName="SP5DocTechRevMasterS" parentTypeName="SP5AbsDocRevMasterS"
       typeClassName="SP5DocTechRevMasterS" description="Form Storage object for &quot;SP5DocTechRevMaster&quot; business object"
       isAbstract="false" artifactName="SP5DocTechRevMasterS" functionality="SP5rimtc"/>
   <TcStandardType typeName="SP5DocTechRevision" parentTypeName="SP5AbsDocRevision"
       typeClassName="SP5DocTechRevision" description="ItemRevision object for &quot;SP5DocTech&quot;  business object"
       isAbstract="false" artifactName="SP5DocTechRevision" functionality="SP5rimtc"/>
   <TcStandardType typeName="SP5HasDelv" parentTypeName="IMAN_reference" typeClassName="ImanRelation"
       description="" isAbstract="false" artifactName="SP5HasDelv" functionality="SP5rimtc"/>
   <TcStandardType typeName="SP5HasRef" parentTypeName="IMAN_reference" typeClassName="ImanRelation"
       description="" isAbstract="false" artifactName="SP5HasRef" functionality="SP5rimtc"/>
   <TcStandardType typeName="SP5HasTechDoc" parentTypeName="ImanRelation" typeClassName="SP5HasTechDoc"
       description="" isAbstract="false" artifactName="SP5HasTechDoc" functionality="SP5rimtc"/>
   <TcTypeConstantAttach constantName="CreateInput" typeName="SP5AbsDoc" value="SP5AbsDocCreI"/>
   <TcTypeConstantAttach constantName="CreateInput" typeName="SP5AbsDocMaster" value="SP5AbsDocMasterCreI"/>
   <TcTypeConstantAttach constantName="CreateInput" typeName="SP5AbsDocMasterS" value="SP5AbsDocMasterSCreI"/>
   <TcTypeConstantAttach constantName="CreateInput" typeName="SP5AbsDocRevision" value="SP5AbsDocRevisionCreI"/>
   <TcTypeConstantAttach constantName="CreateInput" typeName="SP5AbsDocRevisionMaster"
       value="SP5AbsDocRevisionMasterCreI"/>
   <TcTypeConstantAttach constantName="CreateInput" typeName="SP5AbsDocRevMasterS"
       value="SP5AbsDocRevMasterSCreI"/>
   <TcTypeConstantAttach constantName="CreateInput" typeName="SP5DocDeliv" value="SP5DocDelivCreI"/>
   <TcTypeConstantAttach constantName="CreateInput" typeName="SP5DocDelivMaster" value="SP5DocDelivMasterCreI"/>
   <TcTypeConstantAttach constantName="CreateInput" typeName="SP5DocDelivMasterS"
       value="SP5DocDelivMasterSCreI"/>
   <TcTypeConstantAttach constantName="CreateInput" typeName="SP5DocDelivRevision"
       value="SP5DocDelivRevisionCreI"/>
   <TcTypeConstantAttach constantName="CreateInput" typeName="SP5DocDelivRevisionMaster"
       value="SP5DocDelivRevisionMasterCreI"/>
   <TcTypeConstantAttach constantName="CreateInput" typeName="SP5DocDelivRevMasterS"
       value="SP5DocDelivRevMasterSCreI"/>
   <TcTypeConstantAttach constantName="CreateInput" typeName="SP5DocRef" value="SP5DocRefCreI"/>
   <TcTypeConstantAttach constantName="CreateInput" typeName="SP5DocRefMaster" value="SP5DocRefMasterCreI"/>
   <TcTypeConstantAttach constantName="CreateInput" typeName="SP5DocRefMasterS" value="SP5DocRefMasterSCreI"/>
   <TcTypeConstantAttach constantName="CreateInput" typeName="SP5DocRefRevision" value="SP5DocRefRevisionCreI"/>
   <TcTypeConstantAttach constantName="CreateInput" typeName="SP5DocRefRevisionMaster"
       value="SP5DocRefRevisionMasterCreI"/>
   <TcTypeConstantAttach constantName="CreateInput" typeName="SP5DocRefRevMasterS"
       value="SP5DocRefRevMasterSCreI"/>
   <TcTypeConstantAttach constantName="CreateInput" typeName="SP5DocTech" value="SP5DocTechCreI"/>
   <TcTypeConstantAttach constantName="CreateInput" typeName="SP5DocTechMaster" value="SP5DocTechMasterCreI"/>
   <TcTypeConstantAttach constantName="CreateInput" typeName="SP5DocTechMasterS" value="SP5DocTechMasterSCreI"/>
   <TcTypeConstantAttach constantName="CreateInput" typeName="SP5DocTechRevision"
       value="SP5DocTechRevisionCreI"/>
   <TcTypeConstantAttach constantName="CreateInput" typeName="SP5DocTechRevisionMaster"
       value="SP5DocTechRevisionMasterCreI"/>
   <TcTypeConstantAttach constantName="CreateInput" typeName="SP5DocTechRevMasterS"
       value="SP5DocTechRevMasterSCreI"/>
   <TcTypeConstantAttach constantName="CreateInput" typeName="SP5HasDelv" value="SP5HasDelvCreI"/>
   <TcTypeConstantAttach constantName="CreateInput" typeName="SP5HasRef" value="SP5HasRefCreI"/>
   <TcTypeConstantAttach constantName="CreateInput" typeName="SP5HasTechDoc" value="SP5HasTechDocCreI"/>
   <TcTypeConstantAttach constantName="ItemRevision" typeName="SP5AbsDoc" value="SP5AbsDocRevision"/>
   <TcTypeConstantAttach constantName="ItemRevision" typeName="SP5DocDeliv" value="SP5DocDelivRevision"/>
   <TcTypeConstantAttach constantName="ItemRevision" typeName="SP5DocRef" value="SP5DocRefRevision"/>
   <TcTypeConstantAttach constantName="ItemRevision" typeName="SP5DocTech" value="SP5DocTechRevision"/>
   <TcTypeConstantAttach constantName="MasterForm" typeName="SP5AbsDoc" value="SP5AbsDocMaster"/>
   <TcTypeConstantAttach constantName="MasterForm" typeName="SP5AbsDocRevision" value="SP5AbsDocRevisionMaster"/>
   <TcTypeConstantAttach constantName="MasterForm" typeName="SP5DocDeliv" value="SP5DocDelivMaster"/>
   <TcTypeConstantAttach constantName="MasterForm" typeName="SP5DocDelivRevision"
       value="SP5DocDelivRevisionMaster"/>
   <TcTypeConstantAttach constantName="MasterForm" typeName="SP5DocRef" value="SP5DocRefMaster"/>
   <TcTypeConstantAttach constantName="MasterForm" typeName="SP5DocRefRevision" value="SP5DocRefRevisionMaster"/>
   <TcTypeConstantAttach constantName="MasterForm" typeName="SP5DocTech" value="SP5DocTechMaster"/>
   <TcTypeConstantAttach constantName="MasterForm" typeName="SP5DocTechRevision" value="SP5DocTechRevisionMaster"/>
   <TcTypeConstantAttach constantName="ReviseInput" typeName="SP5AbsDocRevision" value="SP5AbsDocRevisionRevI"/>
   <TcTypeConstantAttach constantName="ReviseInput" typeName="SP5DocDelivRevision"
       value="SP5DocDelivRevisionRevI"/>
   <TcTypeConstantAttach constantName="ReviseInput" typeName="SP5DocRefRevision" value="SP5DocRefRevisionRevI"/>
   <TcTypeConstantAttach constantName="ReviseInput" typeName="SP5DocTechRevision"
       value="SP5DocTechRevisionRevI"/>
   <TcTypeConstantAttach constantName="SaveAsInput" typeName="SP5AbsDoc" value="SP5AbsDocSvAI"/>
   <TcTypeConstantAttach constantName="SaveAsInput" typeName="SP5AbsDocMaster" value="SP5AbsDocMasterSvAI"/>
   <TcTypeConstantAttach constantName="SaveAsInput" typeName="SP5AbsDocMasterS" value="SP5AbsDocMasterSSvAI"/>
   <TcTypeConstantAttach constantName="SaveAsInput" typeName="SP5AbsDocRevision" value="SP5AbsDocRevisionSvAI"/>
   <TcTypeConstantAttach constantName="SaveAsInput" typeName="SP5AbsDocRevisionMaster"
       value="SP5AbsDocRevisionMasterSvAI"/>
   <TcTypeConstantAttach constantName="SaveAsInput" typeName="SP5AbsDocRevMasterS"
       value="SP5AbsDocRevMasterSSvAI"/>
   <TcTypeConstantAttach constantName="SaveAsInput" typeName="SP5DocDeliv" value="SP5DocDelivSvAI"/>
   <TcTypeConstantAttach constantName="SaveAsInput" typeName="SP5DocDelivMaster" value="SP5DocDelivMasterSvAI"/>
   <TcTypeConstantAttach constantName="SaveAsInput" typeName="SP5DocDelivMasterS"
       value="SP5DocDelivMasterSSvAI"/>
   <TcTypeConstantAttach constantName="SaveAsInput" typeName="SP5DocDelivRevision"
       value="SP5DocDelivRevisionSvAI"/>
   <TcTypeConstantAttach constantName="SaveAsInput" typeName="SP5DocDelivRevisionMaster"
       value="SP5DocDelivRevisionMasterSvAI"/>
   <TcTypeConstantAttach constantName="SaveAsInput" typeName="SP5DocDelivRevMasterS"
       value="SP5DocDelivRevMasterSSvAI"/>
   <TcTypeConstantAttach constantName="SaveAsInput" typeName="SP5DocRef" value="SP5DocRefSvAI"/>
   <TcTypeConstantAttach constantName="SaveAsInput" typeName="SP5DocRefMaster" value="SP5DocRefMasterSvAI"/>
   <TcTypeConstantAttach constantName="SaveAsInput" typeName="SP5DocRefMasterS" value="SP5DocRefMasterSSvAI"/>
   <TcTypeConstantAttach constantName="SaveAsInput" typeName="SP5DocRefRevision" value="SP5DocRefRevisionSvAI"/>
   <TcTypeConstantAttach constantName="SaveAsInput" typeName="SP5DocRefRevisionMaster"
       value="SP5DocRefRevisionMasterSvAI"/>
   <TcTypeConstantAttach constantName="SaveAsInput" typeName="SP5DocRefRevMasterS"
       value="SP5DocRefRevMasterSSvAI"/>
   <TcTypeConstantAttach constantName="SaveAsInput" typeName="SP5DocTech" value="SP5DocTechSvAI"/>
   <TcTypeConstantAttach constantName="SaveAsInput" typeName="SP5DocTechMaster" value="SP5DocTechMasterSvAI"/>
   <TcTypeConstantAttach constantName="SaveAsInput" typeName="SP5DocTechMasterS" value="SP5DocTechMasterSSvAI"/>
   <TcTypeConstantAttach constantName="SaveAsInput" typeName="SP5DocTechRevision"
       value="SP5DocTechRevisionSvAI"/>
   <TcTypeConstantAttach constantName="SaveAsInput" typeName="SP5DocTechRevisionMaster"
       value="SP5DocTechRevisionMasterSvAI"/>
   <TcTypeConstantAttach constantName="SaveAsInput" typeName="SP5DocTechRevMasterS"
       value="SP5DocTechRevMasterSSvAI"/>
   <TcTypeConstantAttach constantName="SaveAsInput" typeName="SP5HasDelv" value="SP5HasDelvSvAI"/>
   <TcTypeConstantAttach constantName="SaveAsInput" typeName="SP5HasRef" value="SP5HasRefSvAI"/>
   <TcTypeConstantAttach constantName="SaveAsInput" typeName="SP5HasTechDoc" value="SP5HasTechDocSvAI"/>
   <TcPropertyConstantAttach constantName="Enabled" typeName="SP5AbsDocRevision" propertyName="sp5AbsDocPropCLOV1"
       value="true"/>
   <TcPropertyConstantAttach constantName="Enabled" typeName="SP5AbsDocRevision" propertyName="sp5AbsDocPropCLOV2"
       value="true"/>
   <TcPropertyConstantAttach constantName="Enabled" typeName="SP5AbsDocRevision" propertyName="sp5AbsDocPropCLOV3"
       value="true"/>
   <TcPropertyConstantAttach constantName="Enabled" typeName="SP5AbsDocRevision" propertyName="sp5AbsDocPropCLOV4"
       value="true"/>
   <TcPropertyConstantAttach constantName="Enabled" typeName="SP5AbsDocRevision" propertyName="sp5AbsDocPropCLOV5"
       value="true"/>
   <TcPropertyConstantAttach constantName="Enabled" typeName="SP5AbsDocRevision" propertyName="sp5AbsDocPropDate1"
       value="true"/>
   <TcPropertyConstantAttach constantName="Enabled" typeName="SP5AbsDocRevision" propertyName="sp5AbsDocPropDate2"
       value="true"/>
   <TcPropertyConstantAttach constantName="Enabled" typeName="SP5AbsDocRevision" propertyName="sp5AbsDocPropDate3"
       value="true"/>
   <TcPropertyConstantAttach constantName="Enabled" typeName="SP5AbsDocRevision" propertyName="sp5AbsDocPropDate4"
       value="true"/>
   <TcPropertyConstantAttach constantName="Enabled" typeName="SP5AbsDocRevision" propertyName="sp5AbsDocPropDate5"
       value="true"/>
   <TcPropertyConstantAttach constantName="Enabled" typeName="SP5AbsDocRevision" propertyName="sp5AbsDocPropDbl1"
       value="true"/>
   <TcPropertyConstantAttach constantName="Enabled" typeName="SP5AbsDocRevision" propertyName="sp5AbsDocPropDbl2"
       value="true"/>
   <TcPropertyConstantAttach constantName="Enabled" typeName="SP5AbsDocRevision" propertyName="sp5AbsDocPropDbl3"
       value="true"/>
   <TcPropertyConstantAttach constantName="Enabled" typeName="SP5AbsDocRevision" propertyName="sp5AbsDocPropDbl4"
       value="true"/>
   <TcPropertyConstantAttach constantName="Enabled" typeName="SP5AbsDocRevision" propertyName="sp5AbsDocPropDbl5"
       value="true"/>
   <TcPropertyConstantAttach constantName="Enabled" typeName="SP5AbsDocRevision" propertyName="sp5AbsDocPropDLOV1"
       value="true"/>
   <TcPropertyConstantAttach constantName="Enabled" typeName="SP5AbsDocRevision" propertyName="sp5AbsDocPropDLOV2"
       value="true"/>
   <TcPropertyConstantAttach constantName="Enabled" typeName="SP5AbsDocRevision" propertyName="sp5AbsDocPropInt1"
       value="true"/>
   <TcPropertyConstantAttach constantName="Enabled" typeName="SP5AbsDocRevision" propertyName="sp5AbsDocPropInt2"
       value="true"/>
   <TcPropertyConstantAttach constantName="Enabled" typeName="SP5AbsDocRevision" propertyName="sp5AbsDocPropInt3"
       value="true"/>
   <TcPropertyConstantAttach constantName="Enabled" typeName="SP5AbsDocRevision" propertyName="sp5AbsDocPropInt4"
       value="true"/>
   <TcPropertyConstantAttach constantName="Enabled" typeName="SP5AbsDocRevision" propertyName="sp5AbsDocPropInt5"
       value="true"/>
   <TcPropertyConstantAttach constantName="Enabled" typeName="SP5AbsDocRevision" propertyName="sp5AbsDocPropLStr1"
       value="true"/>
   <TcPropertyConstantAttach constantName="Enabled" typeName="SP5AbsDocRevision" propertyName="sp5AbsDocPropStr1"
       value="true"/>
   <TcPropertyConstantAttach constantName="Enabled" typeName="SP5AbsDocRevision" propertyName="sp5AbsDocPropStr10"
       value="true"/>
   <TcPropertyConstantAttach constantName="Enabled" typeName="SP5AbsDocRevision" propertyName="sp5AbsDocPropStr2"
       value="true"/>
   <TcPropertyConstantAttach constantName="Enabled" typeName="SP5AbsDocRevision" propertyName="sp5AbsDocPropStr3"
       value="true"/>
   <TcPropertyConstantAttach constantName="Enabled" typeName="SP5AbsDocRevision" propertyName="sp5AbsDocPropStr4"
       value="true"/>
   <TcPropertyConstantAttach constantName="Enabled" typeName="SP5AbsDocRevision" propertyName="sp5AbsDocPropStr5"
       value="true"/>
   <TcPropertyConstantAttach constantName="Enabled" typeName="SP5AbsDocRevision" propertyName="sp5AbsDocPropStr6"
       value="true"/>
   <TcPropertyConstantAttach constantName="Enabled" typeName="SP5AbsDocRevision" propertyName="sp5AbsDocPropStr7"
       value="true"/>
   <TcPropertyConstantAttach constantName="Enabled" typeName="SP5AbsDocRevision" propertyName="sp5AbsDocPropStr8"
       value="true"/>
   <TcPropertyConstantAttach constantName="Enabled" typeName="SP5AbsDocRevision" propertyName="sp5AbsDocPropStr9"
       value="true"/>
   <TcPropertyConstantAttach constantName="Modifiable" typeName="SP5AbsDocRevision"
       propertyName="sp5AbsDocPropCLOV1" value="Write"/>
   <TcPropertyConstantAttach constantName="Modifiable" typeName="SP5AbsDocRevision"
       propertyName="sp5AbsDocPropCLOV2" value="Write"/>
   <TcPropertyConstantAttach constantName="Modifiable" typeName="SP5AbsDocRevision"
       propertyName="sp5AbsDocPropCLOV3" value="Write"/>
   <TcPropertyConstantAttach constantName="Modifiable" typeName="SP5AbsDocRevision"
       propertyName="sp5AbsDocPropCLOV4" value="Write"/>
   <TcPropertyConstantAttach constantName="Modifiable" typeName="SP5AbsDocRevision"
       propertyName="sp5AbsDocPropCLOV5" value="Write"/>
   <TcPropertyConstantAttach constantName="Modifiable" typeName="SP5AbsDocRevision"
       propertyName="sp5AbsDocPropDate1" value="Write"/>
   <TcPropertyConstantAttach constantName="Modifiable" typeName="SP5AbsDocRevision"
       propertyName="sp5AbsDocPropDate2" value="Write"/>
   <TcPropertyConstantAttach constantName="Modifiable" typeName="SP5AbsDocRevision"
       propertyName="sp5AbsDocPropDate3" value="Write"/>
   <TcPropertyConstantAttach constantName="Modifiable" typeName="SP5AbsDocRevision"
       propertyName="sp5AbsDocPropDate4" value="Write"/>
   <TcPropertyConstantAttach constantName="Modifiable" typeName="SP5AbsDocRevision"
       propertyName="sp5AbsDocPropDate5" value="Write"/>
   <TcPropertyConstantAttach constantName="Modifiable" typeName="SP5AbsDocRevision"
       propertyName="sp5AbsDocPropDbl1" value="Write"/>
   <TcPropertyConstantAttach constantName="Modifiable" typeName="SP5AbsDocRevision"
       propertyName="sp5AbsDocPropDbl2" value="Write"/>
   <TcPropertyConstantAttach constantName="Modifiable" typeName="SP5AbsDocRevision"
       propertyName="sp5AbsDocPropDbl3" value="Write"/>
   <TcPropertyConstantAttach constantName="Modifiable" typeName="SP5AbsDocRevision"
       propertyName="sp5AbsDocPropDbl4" value="Write"/>
   <TcPropertyConstantAttach constantName="Modifiable" typeName="SP5AbsDocRevision"
       propertyName="sp5AbsDocPropDbl5" value="Write"/>
   <TcPropertyConstantAttach constantName="Modifiable" typeName="SP5AbsDocRevision"
       propertyName="sp5AbsDocPropDLOV1" value="Write"/>
   <TcPropertyConstantAttach constantName="Modifiable" typeName="SP5AbsDocRevision"
       propertyName="sp5AbsDocPropDLOV2" value="Write"/>
   <TcPropertyConstantAttach constantName="Modifiable" typeName="SP5AbsDocRevision"
       propertyName="sp5AbsDocPropInt1" value="Write"/>
   <TcPropertyConstantAttach constantName="Modifiable" typeName="SP5AbsDocRevision"
       propertyName="sp5AbsDocPropInt2" value="Write"/>
   <TcPropertyConstantAttach constantName="Modifiable" typeName="SP5AbsDocRevision"
       propertyName="sp5AbsDocPropInt3" value="Write"/>
   <TcPropertyConstantAttach constantName="Modifiable" typeName="SP5AbsDocRevision"
       propertyName="sp5AbsDocPropInt4" value="Write"/>
   <TcPropertyConstantAttach constantName="Modifiable" typeName="SP5AbsDocRevision"
       propertyName="sp5AbsDocPropInt5" value="Write"/>
   <TcPropertyConstantAttach constantName="Modifiable" typeName="SP5AbsDocRevision"
       propertyName="sp5AbsDocPropLStr1" value="Write"/>
   <TcPropertyConstantAttach constantName="Modifiable" typeName="SP5AbsDocRevision"
       propertyName="sp5AbsDocPropStr1" value="Write"/>
   <TcPropertyConstantAttach constantName="Modifiable" typeName="SP5AbsDocRevision"
       propertyName="sp5AbsDocPropStr10" value="Write"/>
   <TcPropertyConstantAttach constantName="Modifiable" typeName="SP5AbsDocRevision"
       propertyName="sp5AbsDocPropStr2" value="Write"/>
   <TcPropertyConstantAttach constantName="Modifiable" typeName="SP5AbsDocRevision"
       propertyName="sp5AbsDocPropStr3" value="Write"/>
   <TcPropertyConstantAttach constantName="Modifiable" typeName="SP5AbsDocRevision"
       propertyName="sp5AbsDocPropStr4" value="Write"/>
   <TcPropertyConstantAttach constantName="Modifiable" typeName="SP5AbsDocRevision"
       propertyName="sp5AbsDocPropStr5" value="Write"/>
   <TcPropertyConstantAttach constantName="Modifiable" typeName="SP5AbsDocRevision"
       propertyName="sp5AbsDocPropStr6" value="Write"/>
   <TcPropertyConstantAttach constantName="Modifiable" typeName="SP5AbsDocRevision"
       propertyName="sp5AbsDocPropStr7" value="Write"/>
   <TcPropertyConstantAttach constantName="Modifiable" typeName="SP5AbsDocRevision"
       propertyName="sp5AbsDocPropStr8" value="Write"/>
   <TcPropertyConstantAttach constantName="Modifiable" typeName="SP5AbsDocRevision"
       propertyName="sp5AbsDocPropStr9" value="Write"/>
   <TcNamingRule name="SP5DesignNamingRule">
     <TcPattern generateCounters="true" patternString="&quot;SCAD-&quot;NNNNNNNNNN">
       <TcCounter initialValue="SCAD-0000000000" maximumValue="SCAD-9999999999"/>
     </TcPattern>
   </TcNamingRule>
   <TcNamingRule name="SP5DocNamingRule">
     <TcPattern generateCounters="true" patternString="&quot;SDOC-&quot;NNNNNNNNNN">
       <TcCounter initialValue="SDOC-0000000000" maximumValue="SDOC-9999999999"/>
     </TcPattern>
   </TcNamingRule>
   <TcNamingRule name="SP5PartEngNamingRule">
     <TcPattern generateCounters="true" patternString="&quot;SPRT-&quot;NNNNNNNNNN">
       <TcCounter initialValue="SPRT-0000000000" maximumValue="SPRT-9999999999"/>
     </TcPattern>
   </TcNamingRule>
   <TcNamingRuleAttach ruleName="SP5DocNamingRule" typeName="SP5AbsDoc" propertyName="item_id"
       case="Mix" conditionName="isTrue" override="false" ruleType="NamingRule" description=""/>
   <TcNamingRuleAttach ruleName="SP5PartEngNamingRule" typeName="SP5PartEng" propertyName="item_id"
       case="Mix" conditionName="isTrue" override="false" ruleType="NamingRule" description=""/>
   <TcNamingRuleAttach ruleName="SP5RevRule" typeName="SP5PartEng" propertyName="item_revision_id"
       case="Mix" conditionName="isTrue" override="false" ruleType="RevisionNamingRule"
       description=""/>
   <TcLOVAttach lovName="SP5AbsDocPropCLOV1" typeName="SP5AbsDocRevision">
     <TcLOVAttachPropertyInfo valuePropertyName="sp5AbsDocPropCLOV1" conditionName="isTrue"
         override="false" level="0"/>
   </TcLOVAttach>
   <TcLOVAttach lovName="SP5AbsDocPropCLOV2" typeName="SP5AbsDocRevision">
     <TcLOVAttachPropertyInfo valuePropertyName="sp5AbsDocPropCLOV2" conditionName="isTrue"
         override="false" level="0"/>
   </TcLOVAttach>
   <TcLOVAttach lovName="SP5AbsDocPropCLOV4" typeName="SP5AbsDocRevision">
     <TcLOVAttachPropertyInfo valuePropertyName="sp5AbsDocPropCLOV4" conditionName="isTrue"
         override="false" level="0"/>
   </TcLOVAttach>
   <TcLOVAttach lovName="SP5AbsDocPropCLOV5" typeName="SP5AbsDocRevision">
     <TcLOVAttachPropertyInfo valuePropertyName="sp5AbsDocPropCLOV5" conditionName="isTrue"
         override="false" level="0"/>
   </TcLOVAttach>
   <TcLOVAttach lovName="SP5AbsDocPropCLOV6" typeName="SP5AbsDocRevision">
     <TcLOVAttachPropertyInfo valuePropertyName="sp5AbsDocPropCLOV3" conditionName="isTrue"
         override="false" level="0"/>
   </TcLOVAttach>
   <TcLOVAttach lovName="SP5AbsDocPropDLOV1" typeName="SP5AbsDocRevision">
     <TcLOVAttachPropertyInfo valuePropertyName="sp5AbsDocPropDLOV1" conditionName="isTrue"
         override="false" level="0"/>
   </TcLOVAttach>
   <TcLOVAttach lovName="SP5AbsDocPropDLOV2" typeName="SP5AbsDocRevision">
     <TcLOVAttachPropertyInfo valuePropertyName="sp5AbsDocPropDLOV2" conditionName="isTrue"
         override="false" level="0"/>
   </TcLOVAttach>
</Add>
</TcBusinessData>
