<?xml version="1.0" encoding="UTF-8"?>
<TcBusinessData xmlns="http://teamcenter.com/BusinessModel/TcBusinessData" Date="">
<Add>
   <TcClass className="SP5AbsPrDes" parentClassName="Design" isExportable="false"
       isUninstantiable="false" isUninheritable="false" description=""/>
   <TcClass className="SP5AbsPrDesMasterS" parentClassName="DesignMaster" isExportable="false"
       isUninstantiable="false" isUninheritable="false" description=""/>
   <TcClass className="SP5AbsPrDesRevMasterS" parentClassName="DesignVerMaster" isExportable="false"
       isUninstantiable="false" isUninheritable="false" description=""/>
   <TcClass className="SP5AbsPrDesRevision" parentClassName="Design_0_Revision_alt"
       isExportable="false" isUninstantiable="false" isUninheritable="false" description="">
     <TcAttribute attributeName="sp5AbsDesPropStr2" description="" attributeType="POM_string"
         maxStringLength="128" isArray="false" followOnExport="false" isNullsAllowed="true"
         isUnique="false" isPublicRead="true" isPublicWrite="true" isCandidateKey="false"
         isTransient="false" exportAsString="false" noBackpointer="false" lowerBoundValue=""
         upperBoundValue=""/>
     <TcAttribute attributeName="sp5AbsDesPropStr3" description="" attributeType="POM_string"
         maxStringLength="128" isArray="false" followOnExport="false" isNullsAllowed="true"
         isUnique="false" isPublicRead="true" isPublicWrite="true" isCandidateKey="false"
         isTransient="false" exportAsString="false" noBackpointer="false" lowerBoundValue=""
         upperBoundValue=""/>
     <TcAttribute attributeName="sp5AbsDesPropStr4" description="" attributeType="POM_string"
         maxStringLength="128" isArray="false" followOnExport="false" isNullsAllowed="true"
         isUnique="false" isPublicRead="true" isPublicWrite="true" isCandidateKey="false"
         isTransient="false" exportAsString="false" noBackpointer="false" lowerBoundValue=""
         upperBoundValue=""/>
     <TcAttribute attributeName="sp5AbsDesPropStr5" description="" attributeType="POM_string"
         maxStringLength="128" isArray="false" followOnExport="false" isNullsAllowed="true"
         isUnique="false" isPublicRead="true" isPublicWrite="true" isCandidateKey="false"
         isTransient="false" exportAsString="false" noBackpointer="false" lowerBoundValue=""
         upperBoundValue=""/>
     <TcAttribute attributeName="sp5AbsDesPropStr6" description="" attributeType="POM_string"
         maxStringLength="128" isArray="false" followOnExport="false" isNullsAllowed="true"
         isUnique="false" isPublicRead="true" isPublicWrite="true" isCandidateKey="false"
         isTransient="false" exportAsString="false" noBackpointer="false" lowerBoundValue=""
         upperBoundValue=""/>
     <TcAttribute attributeName="sp5AbsDesPropStr7" description="" attributeType="POM_string"
         maxStringLength="128" isArray="false" followOnExport="false" isNullsAllowed="true"
         isUnique="false" isPublicRead="true" isPublicWrite="true" isCandidateKey="false"
         isTransient="false" exportAsString="false" noBackpointer="false" lowerBoundValue=""
         upperBoundValue=""/>
     <TcAttribute attributeName="sp5AbsDesPropStr8" description="" attributeType="POM_string"
         maxStringLength="128" isArray="false" followOnExport="false" isNullsAllowed="true"
         isUnique="false" isPublicRead="true" isPublicWrite="true" isCandidateKey="false"
         isTransient="false" exportAsString="false" noBackpointer="false" lowerBoundValue=""
         upperBoundValue=""/>
     <TcAttribute attributeName="sp5AbsDesPropStr9" description="" attributeType="POM_string"
         maxStringLength="128" isArray="false" followOnExport="false" isNullsAllowed="true"
         isUnique="false" isPublicRead="true" isPublicWrite="true" isCandidateKey="false"
         isTransient="false" exportAsString="false" noBackpointer="false" lowerBoundValue=""
         upperBoundValue=""/>
     <TcAttribute attributeName="sp5AbsDesPropStr10" description="" attributeType="POM_string"
         maxStringLength="128" isArray="false" followOnExport="false" isNullsAllowed="true"
         isUnique="false" isPublicRead="true" isPublicWrite="true" isCandidateKey="false"
         isTransient="false" exportAsString="false" noBackpointer="false" lowerBoundValue=""
         upperBoundValue=""/>
     <TcAttribute attributeName="sp5AbsDesPropStr1" description="" attributeType="POM_string"
         maxStringLength="128" isArray="false" followOnExport="false" isNullsAllowed="true"
         isUnique="false" isPublicRead="true" isPublicWrite="true" isCandidateKey="false"
         isTransient="false" exportAsString="false" noBackpointer="false" lowerBoundValue=""
         upperBoundValue=""/>
     <TcAttribute attributeName="sp5AbsDesPropCLOV1" description="" attributeType="POM_string"
         maxStringLength="128" isArray="false" followOnExport="false" isNullsAllowed="true"
         isUnique="false" isPublicRead="true" isPublicWrite="true" isCandidateKey="false"
         isTransient="false" exportAsString="false" noBackpointer="false" lowerBoundValue=""
         upperBoundValue=""/>
     <TcAttribute attributeName="sp5AbsDesPropCLOV2" description="" attributeType="POM_string"
         maxStringLength="128" isArray="false" followOnExport="false" isNullsAllowed="true"
         isUnique="false" isPublicRead="true" isPublicWrite="true" isCandidateKey="false"
         isTransient="false" exportAsString="false" noBackpointer="false" lowerBoundValue=""
         upperBoundValue=""/>
     <TcAttribute attributeName="sp5AbsDesPropCLOV3" description="" attributeType="POM_string"
         maxStringLength="128" isArray="false" followOnExport="false" isNullsAllowed="true"
         isUnique="false" isPublicRead="true" isPublicWrite="true" isCandidateKey="false"
         isTransient="false" exportAsString="false" noBackpointer="false" lowerBoundValue=""
         upperBoundValue=""/>
     <TcAttribute attributeName="sp5AbsDesPropCLOV4" description="" attributeType="POM_string"
         maxStringLength="128" isArray="false" followOnExport="false" isNullsAllowed="true"
         isUnique="false" isPublicRead="true" isPublicWrite="true" isCandidateKey="false"
         isTransient="false" exportAsString="false" noBackpointer="false" lowerBoundValue=""
         upperBoundValue=""/>
     <TcAttribute attributeName="sp5AbsDesPropCLOV5" description="" attributeType="POM_string"
         maxStringLength="128" isArray="false" followOnExport="false" isNullsAllowed="true"
         isUnique="false" isPublicRead="true" isPublicWrite="true" isCandidateKey="false"
         isTransient="false" exportAsString="false" noBackpointer="false" lowerBoundValue=""
         upperBoundValue=""/>
     <TcAttribute attributeName="sp5AbsDesPropDLOV1" description="" attributeType="POM_string"
         maxStringLength="128" isArray="false" followOnExport="false" isNullsAllowed="true"
         isUnique="false" isPublicRead="true" isPublicWrite="true" isCandidateKey="false"
         isTransient="false" exportAsString="false" noBackpointer="false" lowerBoundValue=""
         upperBoundValue=""/>
     <TcAttribute attributeName="sp5AbsDesPropDLOV2" description="" attributeType="POM_string"
         maxStringLength="128" isArray="false" followOnExport="false" isNullsAllowed="true"
         isUnique="false" isPublicRead="true" isPublicWrite="true" isCandidateKey="false"
         isTransient="false" exportAsString="false" noBackpointer="false" lowerBoundValue=""
         upperBoundValue=""/>
     <TcAttribute attributeName="sp5AbsDesPropLStr1" description="" attributeType="POM_long_string"
         maxStringLength="0" isArray="false" followOnExport="false" isNullsAllowed="true"
         isUnique="false" isPublicRead="true" isPublicWrite="true" isCandidateKey="false"
         isTransient="false" exportAsString="false" noBackpointer="false" lowerBoundValue=""
         upperBoundValue=""/>
     <TcAttribute attributeName="sp5AbsDesPropDbl1" description="" attributeType="POM_double"
         maxStringLength="0" isArray="false" followOnExport="false" isNullsAllowed="true"
         isUnique="false" isPublicRead="true" isPublicWrite="true" isCandidateKey="false"
         isTransient="false" exportAsString="false" noBackpointer="false" lowerBoundValue=""
         upperBoundValue=""/>
     <TcAttribute attributeName="sp5AbsDesPropDbl2" description="" attributeType="POM_double"
         maxStringLength="0" isArray="false" followOnExport="false" isNullsAllowed="true"
         isUnique="false" isPublicRead="true" isPublicWrite="true" isCandidateKey="false"
         isTransient="false" exportAsString="false" noBackpointer="false" lowerBoundValue=""
         upperBoundValue=""/>
     <TcAttribute attributeName="sp5AbsDesPropDbl3" description="" attributeType="POM_double"
         maxStringLength="0" isArray="false" followOnExport="false" isNullsAllowed="true"
         isUnique="false" isPublicRead="true" isPublicWrite="true" isCandidateKey="false"
         isTransient="false" exportAsString="false" noBackpointer="false" lowerBoundValue=""
         upperBoundValue=""/>
     <TcAttribute attributeName="sp5AbsDesPropDbl4" description="" attributeType="POM_double"
         maxStringLength="0" isArray="false" followOnExport="false" isNullsAllowed="true"
         isUnique="false" isPublicRead="true" isPublicWrite="true" isCandidateKey="false"
         isTransient="false" exportAsString="false" noBackpointer="false" lowerBoundValue=""
         upperBoundValue=""/>
     <TcAttribute attributeName="sp5AbsDesPropDbl5" description="" attributeType="POM_double"
         maxStringLength="0" isArray="false" followOnExport="false" isNullsAllowed="true"
         isUnique="false" isPublicRead="true" isPublicWrite="true" isCandidateKey="false"
         isTransient="false" exportAsString="false" noBackpointer="false" lowerBoundValue=""
         upperBoundValue=""/>
     <TcAttribute attributeName="sp5AbsDesPropInt1" description="" attributeType="POM_int"
         maxStringLength="0" isArray="false" followOnExport="false" isNullsAllowed="true"
         isUnique="false" isPublicRead="true" isPublicWrite="true" isCandidateKey="false"
         isTransient="false" exportAsString="false" noBackpointer="false" lowerBoundValue=""
         upperBoundValue=""/>
     <TcAttribute attributeName="sp5AbsDesPropInt2" description="" attributeType="POM_int"
         maxStringLength="0" isArray="false" followOnExport="false" isNullsAllowed="true"
         isUnique="false" isPublicRead="true" isPublicWrite="true" isCandidateKey="false"
         isTransient="false" exportAsString="false" noBackpointer="false" lowerBoundValue=""
         upperBoundValue=""/>
     <TcAttribute attributeName="sp5AbsDesPropInt3" description="" attributeType="POM_int"
         maxStringLength="0" isArray="false" followOnExport="false" isNullsAllowed="true"
         isUnique="false" isPublicRead="true" isPublicWrite="true" isCandidateKey="false"
         isTransient="false" exportAsString="false" noBackpointer="false" lowerBoundValue=""
         upperBoundValue=""/>
     <TcAttribute attributeName="sp5AbsDesPropInt4" description="" attributeType="POM_int"
         maxStringLength="0" isArray="false" followOnExport="false" isNullsAllowed="true"
         isUnique="false" isPublicRead="true" isPublicWrite="true" isCandidateKey="false"
         isTransient="false" exportAsString="false" noBackpointer="false" lowerBoundValue=""
         upperBoundValue=""/>
     <TcAttribute attributeName="sp5AbsDesPropInt5" description="" attributeType="POM_int"
         maxStringLength="0" isArray="false" followOnExport="false" isNullsAllowed="true"
         isUnique="false" isPublicRead="true" isPublicWrite="true" isCandidateKey="false"
         isTransient="false" exportAsString="false" noBackpointer="false" lowerBoundValue=""
         upperBoundValue=""/>
     <TcAttribute attributeName="sp5AbsDesPropDate1" description="" attributeType="POM_date"
         maxStringLength="0" isArray="false" followOnExport="false" isNullsAllowed="true"
         isUnique="false" isPublicRead="true" isPublicWrite="true" isCandidateKey="false"
         isTransient="false" exportAsString="false" noBackpointer="false" lowerBoundValue=""
         upperBoundValue=""/>
     <TcAttribute attributeName="sp5AbsDesPropDate2" description="" attributeType="POM_date"
         maxStringLength="0" isArray="false" followOnExport="false" isNullsAllowed="true"
         isUnique="false" isPublicRead="true" isPublicWrite="true" isCandidateKey="false"
         isTransient="false" exportAsString="false" noBackpointer="false" lowerBoundValue=""
         upperBoundValue=""/>
     <TcAttribute attributeName="sp5AbsDesPropDate3" description="" attributeType="POM_date"
         maxStringLength="0" isArray="false" followOnExport="false" isNullsAllowed="true"
         isUnique="false" isPublicRead="true" isPublicWrite="true" isCandidateKey="false"
         isTransient="false" exportAsString="false" noBackpointer="false" lowerBoundValue=""
         upperBoundValue=""/>
     <TcAttribute attributeName="sp5AbsDesPropDate4" description="" attributeType="POM_date"
         maxStringLength="0" isArray="false" followOnExport="false" isNullsAllowed="true"
         isUnique="false" isPublicRead="true" isPublicWrite="true" isCandidateKey="false"
         isTransient="false" exportAsString="false" noBackpointer="false" lowerBoundValue=""
         upperBoundValue=""/>
     <TcAttribute attributeName="sp5AbsDesPropDate5" description="" attributeType="POM_date"
         maxStringLength="0" isArray="false" followOnExport="false" isNullsAllowed="true"
         isUnique="false" isPublicRead="true" isPublicWrite="true" isCandidateKey="false"
         isTransient="false" exportAsString="false" noBackpointer="false" lowerBoundValue=""
         upperBoundValue=""/>
   </TcClass>
   <TcClass className="SP5PrDesCreo" parentClassName="SP5AbsPrDes" isExportable="false"
       isUninstantiable="false" isUninheritable="false" description=""/>
   <TcClass className="SP5PrDesCreoMasterS" parentClassName="SP5AbsPrDesMasterS" isExportable="false"
       isUninstantiable="false" isUninheritable="false" description=""/>
   <TcClass className="SP5PrDesCreoRevMasterS" parentClassName="SP5AbsPrDesRevMasterS"
       isExportable="false" isUninstantiable="false" isUninheritable="false" description=""/>
   <TcClass className="SP5PrDesCreoRevision" parentClassName="SP5AbsPrDesRevision"
       isExportable="false" isUninstantiable="false" isUninheritable="false" description=""/>
   <TcClass className="SP5PrDesNX" parentClassName="SP5AbsPrDes" isExportable="false"
       isUninstantiable="false" isUninheritable="false" description=""/>
   <TcClass className="SP5PrDesNXMasterS" parentClassName="SP5AbsPrDesMasterS" isExportable="false"
       isUninstantiable="false" isUninheritable="false" description=""/>
   <TcClass className="SP5PrDesNXRevMasterS" parentClassName="SP5AbsPrDesRevMasterS"
       isExportable="false" isUninstantiable="false" isUninheritable="false" description=""/>
   <TcClass className="SP5PrDesNXRevision" parentClassName="SP5AbsPrDesRevision" isExportable="false"
       isUninstantiable="false" isUninheritable="false" description=""/>
   <TcClass className="SP5PrDesSW" parentClassName="SP5AbsPrDes" isExportable="false"
       isUninstantiable="false" isUninheritable="false" description=""/>
   <TcClass className="SP5PrDesSWMasterS" parentClassName="SP5AbsPrDesMasterS" isExportable="false"
       isUninstantiable="false" isUninheritable="false" description=""/>
   <TcClass className="SP5PrDesSWRevMasterS" parentClassName="SP5AbsPrDesRevMasterS"
       isExportable="false" isUninstantiable="false" isUninheritable="false" description=""/>
   <TcClass className="SP5PrDesSWRevision" parentClassName="SP5AbsPrDesRevision" isExportable="false"
       isUninstantiable="false" isUninheritable="false" description=""/>
   <OperationInputType typeName="SP5AbsPrDesCreI" parentTypeName="DesignCreI" typeClassName="SP5AbsPrDesCreI"
       description="CreateInput object for &quot;SP5AbsPrDes&quot; business object"
       isAbstract="true" artifactName="SP5AbsPrDesCreI"/>
   <OperationInputType typeName="SP5AbsPrDesMasterCreI" parentTypeName="Design MasterCreI"
       typeClassName="SP5AbsPrDesMasterCreI" description="CreateInput object for &quot;SP5AbsPrDesMaster&quot; business object"
       isAbstract="false" artifactName="SP5AbsPrDesMasterCreI"/>
   <OperationInputType typeName="SP5AbsPrDesMasterSCreI" parentTypeName="DesignMasterCreI"
       typeClassName="SP5AbsPrDesMasterSCreI" description="CreateInput object for &quot;SP5AbsPrDesMasterS&quot; business object"
       isAbstract="false" artifactName="SP5AbsPrDesMasterSCreI"/>
   <OperationInputType typeName="SP5AbsPrDesMasterSSvAI" parentTypeName="DesignMasterSvAI"
       typeClassName="SP5AbsPrDesMasterSSvAI" description="SaveAsInput object for &quot;SP5AbsPrDesMasterS&quot; business object"
       isAbstract="false" artifactName="SP5AbsPrDesMasterSSvAI"/>
   <OperationInputType typeName="SP5AbsPrDesMasterSvAI" parentTypeName="Design MasterSvAI"
       typeClassName="SP5AbsPrDesMasterSvAI" description="SaveAsInput object for &quot;SP5AbsPrDesMaster&quot; business object"
       isAbstract="false" artifactName="SP5AbsPrDesMasterSvAI"/>
   <OperationInputType typeName="SP5AbsPrDesRevMasterSCreI" parentTypeName="DesignVerMasterCreI"
       typeClassName="SP5AbsPrDesRevMasterSCreI" description="CreateInput object for &quot;SP5AbsPrDesRevMasterS&quot; business object"
       isAbstract="false" artifactName="SP5AbsPrDesRevMasterSCreI"/>
   <OperationInputType typeName="SP5AbsPrDesRevMasterSSvAI" parentTypeName="DesignVerMasterSvAI"
       typeClassName="SP5AbsPrDesRevMasterSSvAI" description="SaveAsInput object for &quot;SP5AbsPrDesRevMasterS&quot; business object"
       isAbstract="false" artifactName="SP5AbsPrDesRevMasterSSvAI"/>
   <OperationInputType typeName="SP5AbsPrDesRevisionCreI" parentTypeName="Design RevisionCreI"
       typeClassName="SP5AbsPrDesRevisionCreI" description="CreateInput object for &quot;SP5AbsPrDesRevision&quot; business object"
       isAbstract="true" artifactName="SP5AbsPrDesRevisionCreI">
     <OperationInputProperty propName="sp5AbsDesPropStr1" compoundObjectConstant=""
         srcPropName="sp5AbsDesPropStr1" compoundObjectType="" fieldType="SimpleProperty"
         description=""/>
     <OperationInputProperty propName="sp5AbsDesPropCLOV1" compoundObjectConstant=""
         srcPropName="sp5AbsDesPropCLOV1" compoundObjectType="" fieldType="SimpleProperty"
         description=""/>
     <OperationInputProperty propName="sp5AbsDesPropCLOV2" compoundObjectConstant=""
         srcPropName="sp5AbsDesPropCLOV2" compoundObjectType="" fieldType="SimpleProperty"
         description=""/>
     <OperationInputProperty propName="sp5AbsDesPropCLOV3" compoundObjectConstant=""
         srcPropName="sp5AbsDesPropCLOV3" compoundObjectType="" fieldType="SimpleProperty"
         description=""/>
     <OperationInputProperty propName="sp5AbsDesPropCLOV4" compoundObjectConstant=""
         srcPropName="sp5AbsDesPropCLOV4" compoundObjectType="" fieldType="SimpleProperty"
         description=""/>
     <OperationInputProperty propName="sp5AbsDesPropCLOV5" compoundObjectConstant=""
         srcPropName="sp5AbsDesPropCLOV5" compoundObjectType="" fieldType="SimpleProperty"
         description=""/>
     <OperationInputProperty propName="sp5AbsDesPropDLOV1" compoundObjectConstant=""
         srcPropName="sp5AbsDesPropDLOV1" compoundObjectType="" fieldType="SimpleProperty"
         description=""/>
     <OperationInputProperty propName="sp5AbsDesPropDLOV2" compoundObjectConstant=""
         srcPropName="sp5AbsDesPropDLOV2" compoundObjectType="" fieldType="SimpleProperty"
         description=""/>
     <OperationInputProperty propName="sp5AbsDesPropLStr1" compoundObjectConstant=""
         srcPropName="sp5AbsDesPropLStr1" compoundObjectType="" fieldType="SimpleProperty"
         description=""/>
     <OperationInputProperty propName="sp5AbsDesPropDbl1" compoundObjectConstant=""
         srcPropName="sp5AbsDesPropDbl1" compoundObjectType="" fieldType="SimpleProperty"
         description=""/>
     <OperationInputProperty propName="sp5AbsDesPropDbl2" compoundObjectConstant=""
         srcPropName="sp5AbsDesPropDbl2" compoundObjectType="" fieldType="SimpleProperty"
         description=""/>
     <OperationInputProperty propName="sp5AbsDesPropDbl3" compoundObjectConstant=""
         srcPropName="sp5AbsDesPropDbl3" compoundObjectType="" fieldType="SimpleProperty"
         description=""/>
     <OperationInputProperty propName="sp5AbsDesPropDbl4" compoundObjectConstant=""
         srcPropName="sp5AbsDesPropDbl4" compoundObjectType="" fieldType="SimpleProperty"
         description=""/>
     <OperationInputProperty propName="sp5AbsDesPropDbl5" compoundObjectConstant=""
         srcPropName="sp5AbsDesPropDbl5" compoundObjectType="" fieldType="SimpleProperty"
         description=""/>
     <OperationInputProperty propName="sp5AbsDesPropInt1" compoundObjectConstant=""
         srcPropName="sp5AbsDesPropInt1" compoundObjectType="" fieldType="SimpleProperty"
         description=""/>
     <OperationInputProperty propName="sp5AbsDesPropInt2" compoundObjectConstant=""
         srcPropName="sp5AbsDesPropInt2" compoundObjectType="" fieldType="SimpleProperty"
         description=""/>
     <OperationInputProperty propName="sp5AbsDesPropInt3" compoundObjectConstant=""
         srcPropName="sp5AbsDesPropInt3" compoundObjectType="" fieldType="SimpleProperty"
         description=""/>
     <OperationInputProperty propName="sp5AbsDesPropInt4" compoundObjectConstant=""
         srcPropName="sp5AbsDesPropInt4" compoundObjectType="" fieldType="SimpleProperty"
         description=""/>
     <OperationInputProperty propName="sp5AbsDesPropInt5" compoundObjectConstant=""
         srcPropName="sp5AbsDesPropInt5" compoundObjectType="" fieldType="SimpleProperty"
         description=""/>
     <OperationInputProperty propName="sp5AbsDesPropDate1" compoundObjectConstant=""
         srcPropName="sp5AbsDesPropDate1" compoundObjectType="" fieldType="SimpleProperty"
         description=""/>
     <OperationInputProperty propName="sp5AbsDesPropDate2" compoundObjectConstant=""
         srcPropName="sp5AbsDesPropDate2" compoundObjectType="" fieldType="SimpleProperty"
         description=""/>
     <OperationInputProperty propName="sp5AbsDesPropDate3" compoundObjectConstant=""
         srcPropName="sp5AbsDesPropDate3" compoundObjectType="" fieldType="SimpleProperty"
         description=""/>
     <OperationInputProperty propName="sp5AbsDesPropDate4" compoundObjectConstant=""
         srcPropName="sp5AbsDesPropDate4" compoundObjectType="" fieldType="SimpleProperty"
         description=""/>
     <OperationInputProperty propName="sp5AbsDesPropDate5" compoundObjectConstant=""
         srcPropName="sp5AbsDesPropDate5" compoundObjectType="" fieldType="SimpleProperty"
         description=""/>
   </OperationInputType>
   <OperationInputType typeName="SP5AbsPrDesRevisionMasterCreI" parentTypeName="Design Revision MasterCreI"
       typeClassName="SP5AbsPrDesRevisionMasterCreI" description="CreateInput object for &quot;SP5AbsPrDesRevisionMaster&quot; business object"
       isAbstract="false" artifactName="SP5AbsPrDesRevisionMasterCreI"/>
   <OperationInputType typeName="SP5AbsPrDesRevisionMasterSvAI" parentTypeName="Design Revision MasterSvAI"
       typeClassName="SP5AbsPrDesRevisionMasterSvAI" description="SaveAsInput object for &quot;SP5AbsPrDesRevisionMaster&quot; business object"
       isAbstract="false" artifactName="SP5AbsPrDesRevisionMasterSvAI"/>
   <OperationInputType typeName="SP5AbsPrDesRevisionRevI" parentTypeName="Design RevisionRevI"
       typeClassName="SP5AbsPrDesRevisionRevI" description="ReviseInput object for &quot;SP5AbsPrDesRevision&quot; business object"
       isAbstract="true" artifactName="SP5AbsPrDesRevisionRevI"/>
   <OperationInputType typeName="SP5AbsPrDesRevisionSvAI" parentTypeName="Design RevisionSvAI"
       typeClassName="SP5AbsPrDesRevisionSvAI" description="SaveAsInput object for &quot;SP5AbsPrDesRevision&quot; business object"
       isAbstract="true" artifactName="SP5AbsPrDesRevisionSvAI"/>
   <OperationInputType typeName="SP5AbsPrDesSvAI" parentTypeName="DesignSvAI" typeClassName="SP5AbsPrDesSvAI"
       description="SaveAsInput object for &quot;SP5AbsPrDes&quot; business object"
       isAbstract="true" artifactName="SP5AbsPrDesSvAI"/>
   <OperationInputType typeName="SP5PrDesCreoCreI" parentTypeName="SP5AbsPrDesCreI"
       typeClassName="SP5PrDesCreoCreI" description="CreateInput object for &quot;SP5PrDesCreo&quot; business object"
       isAbstract="false" artifactName="SP5PrDesCreoCreI"/>
   <OperationInputType typeName="SP5PrDesCreoMasterCreI" parentTypeName="SP5AbsPrDesMasterCreI"
       typeClassName="SP5PrDesCreoMasterCreI" description="CreateInput object for &quot;SP5PrDesCreoMaster&quot; business object"
       isAbstract="false" artifactName="SP5PrDesCreoMasterCreI"/>
   <OperationInputType typeName="SP5PrDesCreoMasterSCreI" parentTypeName="SP5AbsPrDesMasterSCreI"
       typeClassName="SP5PrDesCreoMasterSCreI" description="CreateInput object for &quot;SP5PrDesCreoMasterS&quot; business object"
       isAbstract="false" artifactName="SP5PrDesCreoMasterSCreI"/>
   <OperationInputType typeName="SP5PrDesCreoMasterSSvAI" parentTypeName="SP5AbsPrDesMasterSSvAI"
       typeClassName="SP5PrDesCreoMasterSSvAI" description="SaveAsInput object for &quot;SP5PrDesCreoMasterS&quot; business object"
       isAbstract="false" artifactName="SP5PrDesCreoMasterSSvAI"/>
   <OperationInputType typeName="SP5PrDesCreoMasterSvAI" parentTypeName="SP5AbsPrDesMasterSvAI"
       typeClassName="SP5PrDesCreoMasterSvAI" description="SaveAsInput object for &quot;SP5PrDesCreoMaster&quot; business object"
       isAbstract="false" artifactName="SP5PrDesCreoMasterSvAI"/>
   <OperationInputType typeName="SP5PrDesCreoRevMasterSCreI" parentTypeName="SP5AbsPrDesRevMasterSCreI"
       typeClassName="SP5PrDesCreoRevMasterSCreI" description="CreateInput object for &quot;SP5PrDesCreoRevMasterS&quot; business object"
       isAbstract="false" artifactName="SP5PrDesCreoRevMasterSCreI"/>
   <OperationInputType typeName="SP5PrDesCreoRevMasterSSvAI" parentTypeName="SP5AbsPrDesRevMasterSSvAI"
       typeClassName="SP5PrDesCreoRevMasterSSvAI" description="SaveAsInput object for &quot;SP5PrDesCreoRevMasterS&quot; business object"
       isAbstract="false" artifactName="SP5PrDesCreoRevMasterSSvAI"/>
   <OperationInputType typeName="SP5PrDesCreoRevisionCreI" parentTypeName="SP5AbsPrDesRevisionCreI"
       typeClassName="SP5PrDesCreoRevisionCreI" description="CreateInput object for &quot;SP5PrDesCreoRevision&quot; business object"
       isAbstract="false" artifactName="SP5PrDesCreoRevisionCreI"/>
   <OperationInputType typeName="SP5PrDesCreoRevisionMasterCreI" parentTypeName="SP5AbsPrDesRevisionMasterCreI"
       typeClassName="SP5PrDesCreoRevisionMasterCreI" description="CreateInput object for &quot;SP5PrDesCreoRevisionMaster&quot; business object"
       isAbstract="false" artifactName="SP5PrDesCreoRevisionMasterCreI"/>
   <OperationInputType typeName="SP5PrDesCreoRevisionMasterSvAI" parentTypeName="SP5AbsPrDesRevisionMasterSvAI"
       typeClassName="SP5PrDesCreoRevisionMasterSvAI" description="SaveAsInput object for &quot;SP5PrDesCreoRevisionMaster&quot; business object"
       isAbstract="false" artifactName="SP5PrDesCreoRevisionMasterSvAI"/>
   <OperationInputType typeName="SP5PrDesCreoRevisionRevI" parentTypeName="SP5AbsPrDesRevisionRevI"
       typeClassName="SP5PrDesCreoRevisionRevI" description="ReviseInput object for &quot;SP5PrDesCreoRevision&quot; business object"
       isAbstract="false" artifactName="SP5PrDesCreoRevisionRevI"/>
   <OperationInputType typeName="SP5PrDesCreoRevisionSvAI" parentTypeName="SP5AbsPrDesRevisionSvAI"
       typeClassName="SP5PrDesCreoRevisionSvAI" description="SaveAsInput object for &quot;SP5PrDesCreoRevision&quot; business object"
       isAbstract="false" artifactName="SP5PrDesCreoRevisionSvAI"/>
   <OperationInputType typeName="SP5PrDesCreoSvAI" parentTypeName="SP5AbsPrDesSvAI"
       typeClassName="SP5PrDesCreoSvAI" description="SaveAsInput object for &quot;SP5PrDesCreo&quot; business object"
       isAbstract="false" artifactName="SP5PrDesCreoSvAI"/>
   <OperationInputType typeName="SP5PrDesNXCreI" parentTypeName="SP5AbsPrDesCreI"
       typeClassName="SP5PrDesNXCreI" description="CreateInput object for &quot;SP5PrDesNX&quot; business object"
       isAbstract="false" artifactName="SP5PrDesNXCreI"/>
   <OperationInputType typeName="SP5PrDesNXMasterCreI" parentTypeName="SP5AbsPrDesMasterCreI"
       typeClassName="SP5PrDesNXMasterCreI" description="CreateInput object for &quot;SP5PrDesNXMaster&quot; business object"
       isAbstract="false" artifactName="SP5PrDesNXMasterCreI"/>
   <OperationInputType typeName="SP5PrDesNXMasterSCreI" parentTypeName="SP5AbsPrDesMasterSCreI"
       typeClassName="SP5PrDesNXMasterSCreI" description="CreateInput object for &quot;SP5PrDesNXMasterS&quot; business object"
       isAbstract="false" artifactName="SP5PrDesNXMasterSCreI"/>
   <OperationInputType typeName="SP5PrDesNXMasterSSvAI" parentTypeName="SP5AbsPrDesMasterSSvAI"
       typeClassName="SP5PrDesNXMasterSSvAI" description="SaveAsInput object for &quot;SP5PrDesNXMasterS&quot; business object"
       isAbstract="false" artifactName="SP5PrDesNXMasterSSvAI"/>
   <OperationInputType typeName="SP5PrDesNXMasterSvAI" parentTypeName="SP5AbsPrDesMasterSvAI"
       typeClassName="SP5PrDesNXMasterSvAI" description="SaveAsInput object for &quot;SP5PrDesNXMaster&quot; business object"
       isAbstract="false" artifactName="SP5PrDesNXMasterSvAI"/>
   <OperationInputType typeName="SP5PrDesNXRevMasterSCreI" parentTypeName="SP5AbsPrDesRevMasterSCreI"
       typeClassName="SP5PrDesNXRevMasterSCreI" description="CreateInput object for &quot;SP5PrDesNXRevMasterS&quot; business object"
       isAbstract="false" artifactName="SP5PrDesNXRevMasterSCreI"/>
   <OperationInputType typeName="SP5PrDesNXRevMasterSSvAI" parentTypeName="SP5AbsPrDesRevMasterSSvAI"
       typeClassName="SP5PrDesNXRevMasterSSvAI" description="SaveAsInput object for &quot;SP5PrDesNXRevMasterS&quot; business object"
       isAbstract="false" artifactName="SP5PrDesNXRevMasterSSvAI"/>
   <OperationInputType typeName="SP5PrDesNXRevisionCreI" parentTypeName="SP5AbsPrDesRevisionCreI"
       typeClassName="SP5PrDesNXRevisionCreI" description="CreateInput object for &quot;SP5PrDesNXRevision&quot; business object"
       isAbstract="false" artifactName="SP5PrDesNXRevisionCreI"/>
   <OperationInputType typeName="SP5PrDesNXRevisionMasterCreI" parentTypeName="SP5AbsPrDesRevisionMasterCreI"
       typeClassName="SP5PrDesNXRevisionMasterCreI" description="CreateInput object for &quot;SP5PrDesNXRevisionMaster&quot; business object"
       isAbstract="false" artifactName="SP5PrDesNXRevisionMasterCreI"/>
   <OperationInputType typeName="SP5PrDesNXRevisionMasterSvAI" parentTypeName="SP5AbsPrDesRevisionMasterSvAI"
       typeClassName="SP5PrDesNXRevisionMasterSvAI" description="SaveAsInput object for &quot;SP5PrDesNXRevisionMaster&quot; business object"
       isAbstract="false" artifactName="SP5PrDesNXRevisionMasterSvAI"/>
   <OperationInputType typeName="SP5PrDesNXRevisionRevI" parentTypeName="SP5AbsPrDesRevisionRevI"
       typeClassName="SP5PrDesNXRevisionRevI" description="ReviseInput object for &quot;SP5PrDesNXRevision&quot; business object"
       isAbstract="false" artifactName="SP5PrDesNXRevisionRevI"/>
   <OperationInputType typeName="SP5PrDesNXRevisionSvAI" parentTypeName="SP5AbsPrDesRevisionSvAI"
       typeClassName="SP5PrDesNXRevisionSvAI" description="SaveAsInput object for &quot;SP5PrDesNXRevision&quot; business object"
       isAbstract="false" artifactName="SP5PrDesNXRevisionSvAI"/>
   <OperationInputType typeName="SP5PrDesNXSvAI" parentTypeName="SP5AbsPrDesSvAI"
       typeClassName="SP5PrDesNXSvAI" description="SaveAsInput object for &quot;SP5PrDesNX&quot; business object"
       isAbstract="false" artifactName="SP5PrDesNXSvAI"/>
   <OperationInputType typeName="SP5PrDesSWCreI" parentTypeName="SP5AbsPrDesCreI"
       typeClassName="SP5PrDesSWCreI" description="CreateInput object for &quot;SP5PrDesSW&quot; business object"
       isAbstract="false" artifactName="SP5PrDesSWCreI"/>
   <OperationInputType typeName="SP5PrDesSWMasterCreI" parentTypeName="SP5AbsPrDesMasterCreI"
       typeClassName="SP5PrDesSWMasterCreI" description="CreateInput object for &quot;SP5PrDesSWMaster&quot; business object"
       isAbstract="false" artifactName="SP5PrDesSWMasterCreI"/>
   <OperationInputType typeName="SP5PrDesSWMasterSCreI" parentTypeName="SP5AbsPrDesMasterSCreI"
       typeClassName="SP5PrDesSWMasterSCreI" description="CreateInput object for &quot;SP5PrDesSWMasterS&quot; business object"
       isAbstract="false" artifactName="SP5PrDesSWMasterSCreI"/>
   <OperationInputType typeName="SP5PrDesSWMasterSSvAI" parentTypeName="SP5AbsPrDesMasterSSvAI"
       typeClassName="SP5PrDesSWMasterSSvAI" description="SaveAsInput object for &quot;SP5PrDesSWMasterS&quot; business object"
       isAbstract="false" artifactName="SP5PrDesSWMasterSSvAI"/>
   <OperationInputType typeName="SP5PrDesSWMasterSvAI" parentTypeName="SP5AbsPrDesMasterSvAI"
       typeClassName="SP5PrDesSWMasterSvAI" description="SaveAsInput object for &quot;SP5PrDesSWMaster&quot; business object"
       isAbstract="false" artifactName="SP5PrDesSWMasterSvAI"/>
   <OperationInputType typeName="SP5PrDesSWRevMasterSCreI" parentTypeName="SP5AbsPrDesRevMasterSCreI"
       typeClassName="SP5PrDesSWRevMasterSCreI" description="CreateInput object for &quot;SP5PrDesSWRevMasterS&quot; business object"
       isAbstract="false" artifactName="SP5PrDesSWRevMasterSCreI"/>
   <OperationInputType typeName="SP5PrDesSWRevMasterSSvAI" parentTypeName="SP5AbsPrDesRevMasterSSvAI"
       typeClassName="SP5PrDesSWRevMasterSSvAI" description="SaveAsInput object for &quot;SP5PrDesSWRevMasterS&quot; business object"
       isAbstract="false" artifactName="SP5PrDesSWRevMasterSSvAI"/>
   <OperationInputType typeName="SP5PrDesSWRevisionCreI" parentTypeName="SP5AbsPrDesRevisionCreI"
       typeClassName="SP5PrDesSWRevisionCreI" description="CreateInput object for &quot;SP5PrDesSWRevision&quot; business object"
       isAbstract="false" artifactName="SP5PrDesSWRevisionCreI"/>
   <OperationInputType typeName="SP5PrDesSWRevisionMasterCreI" parentTypeName="SP5AbsPrDesRevisionMasterCreI"
       typeClassName="SP5PrDesSWRevisionMasterCreI" description="CreateInput object for &quot;SP5PrDesSWRevisionMaster&quot; business object"
       isAbstract="false" artifactName="SP5PrDesSWRevisionMasterCreI"/>
   <OperationInputType typeName="SP5PrDesSWRevisionMasterSvAI" parentTypeName="SP5AbsPrDesRevisionMasterSvAI"
       typeClassName="SP5PrDesSWRevisionMasterSvAI" description="SaveAsInput object for &quot;SP5PrDesSWRevisionMaster&quot; business object"
       isAbstract="false" artifactName="SP5PrDesSWRevisionMasterSvAI"/>
   <OperationInputType typeName="SP5PrDesSWRevisionRevI" parentTypeName="SP5AbsPrDesRevisionRevI"
       typeClassName="SP5PrDesSWRevisionRevI" description="ReviseInput object for &quot;SP5PrDesSWRevision&quot; business object"
       isAbstract="false" artifactName="SP5PrDesSWRevisionRevI"/>
   <OperationInputType typeName="SP5PrDesSWRevisionSvAI" parentTypeName="SP5AbsPrDesRevisionSvAI"
       typeClassName="SP5PrDesSWRevisionSvAI" description="SaveAsInput object for &quot;SP5PrDesSWRevision&quot; business object"
       isAbstract="false" artifactName="SP5PrDesSWRevisionSvAI"/>
   <OperationInputType typeName="SP5PrDesSWSvAI" parentTypeName="SP5AbsPrDesSvAI"
       typeClassName="SP5PrDesSWSvAI" description="SaveAsInput object for &quot;SP5PrDesSW&quot; business object"
       isAbstract="false" artifactName="SP5PrDesSWSvAI"/>
   <TcForm typeName="SP5AbsPrDesMaster" parentTypeName="Design Master" typeClassName="Form"
       description="MasterForm object for &quot;SP5AbsPrDes&quot; business object"
       isAbstract="false" artifactName="SP5AbsPrDesMaster" functionality="SP5rimtc"
       formStorageClassName="SP5AbsPrDesMasterS"/>
   <TcForm typeName="SP5AbsPrDesRevisionMaster" parentTypeName="Design Revision Master"
       typeClassName="Form" description="MasterForm object for &quot;SP5AbsPrDesRevision&quot; business object"
       isAbstract="false" artifactName="SP5AbsPrDesRevisionMaster" functionality="SP5rimtc"
       formStorageClassName="SP5AbsPrDesRevMasterS"/>
   <TcForm typeName="SP5PrDesCreoMaster" parentTypeName="SP5AbsPrDesMaster" typeClassName="Form"
       description="MasterForm object for &quot;SP5PrDesCreo&quot; business object"
       isAbstract="false" artifactName="SP5PrDesCreoMaster" functionality="SP5rimtc"
       formStorageClassName="SP5PrDesCreoMasterS"/>
   <TcForm typeName="SP5PrDesCreoRevisionMaster" parentTypeName="SP5AbsPrDesRevisionMaster"
       typeClassName="Form" description="MasterForm object for &quot;SP5PrDesCreoRevision&quot; business object"
       isAbstract="false" artifactName="SP5PrDesCreoRevisionMaster" functionality="SP5rimtc"
       formStorageClassName="SP5PrDesCreoRevMasterS"/>
   <TcForm typeName="SP5PrDesNXMaster" parentTypeName="SP5AbsPrDesMaster" typeClassName="Form"
       description="MasterForm object for &quot;SP5PrDesNX&quot; business object"
       isAbstract="false" artifactName="SP5PrDesNXMaster" functionality="SP5rimtc"
       formStorageClassName="SP5PrDesNXMasterS"/>
   <TcForm typeName="SP5PrDesNXRevisionMaster" parentTypeName="SP5AbsPrDesRevisionMaster"
       typeClassName="Form" description="MasterForm object for &quot;SP5PrDesNXRevision&quot; business object"
       isAbstract="false" artifactName="SP5PrDesNXRevisionMaster" functionality="SP5rimtc"
       formStorageClassName="SP5PrDesNXRevMasterS"/>
   <TcForm typeName="SP5PrDesSWMaster" parentTypeName="SP5AbsPrDesMaster" typeClassName="Form"
       description="MasterForm object for &quot;SP5PrDesSW&quot; business object"
       isAbstract="false" artifactName="SP5PrDesSWMaster" functionality="SP5rimtc"
       formStorageClassName="SP5PrDesSWMasterS"/>
   <TcForm typeName="SP5PrDesSWRevisionMaster" parentTypeName="SP5AbsPrDesRevisionMaster"
       typeClassName="Form" description="MasterForm object for &quot;SP5PrDesSWRevision&quot; business object"
       isAbstract="false" artifactName="SP5PrDesSWRevisionMaster" functionality="SP5rimtc"
       formStorageClassName="SP5PrDesSWRevMasterS"/>
   <TcStandardType typeName="SP5AbsPrDes" parentTypeName="Design" typeClassName="SP5AbsPrDes"
       description="" isAbstract="true" artifactName="SP5AbsPrDes" functionality="SP5rimtc"/>
   <TcStandardType typeName="SP5AbsPrDesMasterS" parentTypeName="DesignMaster" typeClassName="SP5AbsPrDesMasterS"
       description="Form Storage object for &quot;SP5AbsPrDesMaster&quot; business object"
       isAbstract="false" artifactName="SP5AbsPrDesMasterS" functionality="SP5rimtc"/>
   <TcStandardType typeName="SP5AbsPrDesRevMasterS" parentTypeName="DesignVerMaster"
       typeClassName="SP5AbsPrDesRevMasterS" description="Form Storage object for &quot;SP5AbsPrDesRevMaster&quot; business object"
       isAbstract="false" artifactName="SP5AbsPrDesRevMasterS" functionality="SP5rimtc"/>
   <TcStandardType typeName="SP5AbsPrDesRevision" parentTypeName="Design Revision"
       typeClassName="SP5AbsPrDesRevision" description="ItemRevision object for &quot;SP5AbsPrDes&quot;  business object"
       isAbstract="true" artifactName="SP5AbsPrDesRevision" functionality="SP5rimtc"/>
   <TcStandardType typeName="SP5PrDesCreo" parentTypeName="SP5AbsPrDes" typeClassName="SP5PrDesCreo"
       description="" isAbstract="false" artifactName="SP5PrDesCreo" functionality="SP5rimtc"/>
   <TcStandardType typeName="SP5PrDesCreoMasterS" parentTypeName="SP5AbsPrDesMasterS"
       typeClassName="SP5PrDesCreoMasterS" description="Form Storage object for &quot;SP5PrDesCreoMaster&quot; business object"
       isAbstract="false" artifactName="SP5PrDesCreoMasterS" functionality="SP5rimtc"/>
   <TcStandardType typeName="SP5PrDesCreoRevMasterS" parentTypeName="SP5AbsPrDesRevMasterS"
       typeClassName="SP5PrDesCreoRevMasterS" description="Form Storage object for &quot;SP5PrDesCreoRevMaster&quot; business object"
       isAbstract="false" artifactName="SP5PrDesCreoRevMasterS" functionality="SP5rimtc"/>
   <TcStandardType typeName="SP5PrDesCreoRevision" parentTypeName="SP5AbsPrDesRevision"
       typeClassName="SP5PrDesCreoRevision" description="ItemRevision object for &quot;SP5PrDesCreo&quot;  business object"
       isAbstract="false" artifactName="SP5PrDesCreoRevision" functionality="SP5rimtc"/>
   <TcStandardType typeName="SP5PrDesNX" parentTypeName="SP5AbsPrDes" typeClassName="SP5PrDesNX"
       description="" isAbstract="false" artifactName="SP5PrDesNX" functionality="SP5rimtc"/>
   <TcStandardType typeName="SP5PrDesNXMasterS" parentTypeName="SP5AbsPrDesMasterS"
       typeClassName="SP5PrDesNXMasterS" description="Form Storage object for &quot;SP5PrDesNXMaster&quot; business object"
       isAbstract="false" artifactName="SP5PrDesNXMasterS" functionality="SP5rimtc"/>
   <TcStandardType typeName="SP5PrDesNXRevMasterS" parentTypeName="SP5AbsPrDesRevMasterS"
       typeClassName="SP5PrDesNXRevMasterS" description="Form Storage object for &quot;SP5PrDesNXRevMaster&quot; business object"
       isAbstract="false" artifactName="SP5PrDesNXRevMasterS" functionality="SP5rimtc"/>
   <TcStandardType typeName="SP5PrDesNXRevision" parentTypeName="SP5AbsPrDesRevision"
       typeClassName="SP5PrDesNXRevision" description="ItemRevision object for &quot;SP5PrDesNX&quot;  business object"
       isAbstract="false" artifactName="SP5PrDesNXRevision" functionality="SP5rimtc"/>
   <TcStandardType typeName="SP5PrDesSW" parentTypeName="SP5AbsPrDes" typeClassName="SP5PrDesSW"
       description="" isAbstract="false" artifactName="SP5PrDesSW" functionality="SP5rimtc"/>
   <TcStandardType typeName="SP5PrDesSWMasterS" parentTypeName="SP5AbsPrDesMasterS"
       typeClassName="SP5PrDesSWMasterS" description="Form Storage object for &quot;SP5PrDesSWMaster&quot; business object"
       isAbstract="false" artifactName="SP5PrDesSWMasterS" functionality="SP5rimtc"/>
   <TcStandardType typeName="SP5PrDesSWRevMasterS" parentTypeName="SP5AbsPrDesRevMasterS"
       typeClassName="SP5PrDesSWRevMasterS" description="Form Storage object for &quot;SP5PrDesSWRevMaster&quot; business object"
       isAbstract="false" artifactName="SP5PrDesSWRevMasterS" functionality="SP5rimtc"/>
   <TcStandardType typeName="SP5PrDesSWRevision" parentTypeName="SP5AbsPrDesRevision"
       typeClassName="SP5PrDesSWRevision" description="ItemRevision object for &quot;SP5PrDesSW&quot;  business object"
       isAbstract="false" artifactName="SP5PrDesSWRevision" functionality="SP5rimtc"/>
   <TcTypeConstantAttach constantName="CreateInput" typeName="SP5AbsPrDes" value="SP5AbsPrDesCreI"/>
   <TcTypeConstantAttach constantName="CreateInput" typeName="SP5AbsPrDesMaster" value="SP5AbsPrDesMasterCreI"/>
   <TcTypeConstantAttach constantName="CreateInput" typeName="SP5AbsPrDesMasterS"
       value="SP5AbsPrDesMasterSCreI"/>
   <TcTypeConstantAttach constantName="CreateInput" typeName="SP5AbsPrDesRevision"
       value="SP5AbsPrDesRevisionCreI"/>
   <TcTypeConstantAttach constantName="CreateInput" typeName="SP5AbsPrDesRevisionMaster"
       value="SP5AbsPrDesRevisionMasterCreI"/>
   <TcTypeConstantAttach constantName="CreateInput" typeName="SP5AbsPrDesRevMasterS"
       value="SP5AbsPrDesRevMasterSCreI"/>
   <TcTypeConstantAttach constantName="CreateInput" typeName="SP5PrDesCreo" value="SP5PrDesCreoCreI"/>
   <TcTypeConstantAttach constantName="CreateInput" typeName="SP5PrDesCreoMaster"
       value="SP5PrDesCreoMasterCreI"/>
   <TcTypeConstantAttach constantName="CreateInput" typeName="SP5PrDesCreoMasterS"
       value="SP5PrDesCreoMasterSCreI"/>
   <TcTypeConstantAttach constantName="CreateInput" typeName="SP5PrDesCreoRevision"
       value="SP5PrDesCreoRevisionCreI"/>
   <TcTypeConstantAttach constantName="CreateInput" typeName="SP5PrDesCreoRevisionMaster"
       value="SP5PrDesCreoRevisionMasterCreI"/>
   <TcTypeConstantAttach constantName="CreateInput" typeName="SP5PrDesCreoRevMasterS"
       value="SP5PrDesCreoRevMasterSCreI"/>
   <TcTypeConstantAttach constantName="CreateInput" typeName="SP5PrDesNX" value="SP5PrDesNXCreI"/>
   <TcTypeConstantAttach constantName="CreateInput" typeName="SP5PrDesNXMaster" value="SP5PrDesNXMasterCreI"/>
   <TcTypeConstantAttach constantName="CreateInput" typeName="SP5PrDesNXMasterS" value="SP5PrDesNXMasterSCreI"/>
   <TcTypeConstantAttach constantName="CreateInput" typeName="SP5PrDesNXRevision"
       value="SP5PrDesNXRevisionCreI"/>
   <TcTypeConstantAttach constantName="CreateInput" typeName="SP5PrDesNXRevisionMaster"
       value="SP5PrDesNXRevisionMasterCreI"/>
   <TcTypeConstantAttach constantName="CreateInput" typeName="SP5PrDesNXRevMasterS"
       value="SP5PrDesNXRevMasterSCreI"/>
   <TcTypeConstantAttach constantName="CreateInput" typeName="SP5PrDesSW" value="SP5PrDesSWCreI"/>
   <TcTypeConstantAttach constantName="CreateInput" typeName="SP5PrDesSWMaster" value="SP5PrDesSWMasterCreI"/>
   <TcTypeConstantAttach constantName="CreateInput" typeName="SP5PrDesSWMasterS" value="SP5PrDesSWMasterSCreI"/>
   <TcTypeConstantAttach constantName="CreateInput" typeName="SP5PrDesSWRevision"
       value="SP5PrDesSWRevisionCreI"/>
   <TcTypeConstantAttach constantName="CreateInput" typeName="SP5PrDesSWRevisionMaster"
       value="SP5PrDesSWRevisionMasterCreI"/>
   <TcTypeConstantAttach constantName="CreateInput" typeName="SP5PrDesSWRevMasterS"
       value="SP5PrDesSWRevMasterSCreI"/>
   <TcTypeConstantAttach constantName="ItemRevision" typeName="SP5AbsPrDes" value="SP5AbsPrDesRevision"/>
   <TcTypeConstantAttach constantName="ItemRevision" typeName="SP5PrDesCreo" value="SP5PrDesCreoRevision"/>
   <TcTypeConstantAttach constantName="ItemRevision" typeName="SP5PrDesNX" value="SP5PrDesNXRevision"/>
   <TcTypeConstantAttach constantName="ItemRevision" typeName="SP5PrDesSW" value="SP5PrDesSWRevision"/>
   <TcTypeConstantAttach constantName="MasterForm" typeName="SP5AbsPrDes" value="SP5AbsPrDesMaster"/>
   <TcTypeConstantAttach constantName="MasterForm" typeName="SP5AbsPrDesRevision"
       value="SP5AbsPrDesRevisionMaster"/>
   <TcTypeConstantAttach constantName="MasterForm" typeName="SP5PrDesCreo" value="SP5PrDesCreoMaster"/>
   <TcTypeConstantAttach constantName="MasterForm" typeName="SP5PrDesCreoRevision"
       value="SP5PrDesCreoRevisionMaster"/>
   <TcTypeConstantAttach constantName="MasterForm" typeName="SP5PrDesNX" value="SP5PrDesNXMaster"/>
   <TcTypeConstantAttach constantName="MasterForm" typeName="SP5PrDesNXRevision" value="SP5PrDesNXRevisionMaster"/>
   <TcTypeConstantAttach constantName="MasterForm" typeName="SP5PrDesSW" value="SP5PrDesSWMaster"/>
   <TcTypeConstantAttach constantName="MasterForm" typeName="SP5PrDesSWRevision" value="SP5PrDesSWRevisionMaster"/>
   <TcTypeConstantAttach constantName="ReviseInput" typeName="SP5AbsPrDesRevision"
       value="SP5AbsPrDesRevisionRevI"/>
   <TcTypeConstantAttach constantName="ReviseInput" typeName="SP5PrDesCreoRevision"
       value="SP5PrDesCreoRevisionRevI"/>
   <TcTypeConstantAttach constantName="ReviseInput" typeName="SP5PrDesNXRevision"
       value="SP5PrDesNXRevisionRevI"/>
   <TcTypeConstantAttach constantName="ReviseInput" typeName="SP5PrDesSWRevision"
       value="SP5PrDesSWRevisionRevI"/>
   <TcTypeConstantAttach constantName="SaveAsInput" typeName="SP5AbsPrDes" value="SP5AbsPrDesSvAI"/>
   <TcTypeConstantAttach constantName="SaveAsInput" typeName="SP5AbsPrDesMaster" value="SP5AbsPrDesMasterSvAI"/>
   <TcTypeConstantAttach constantName="SaveAsInput" typeName="SP5AbsPrDesMasterS"
       value="SP5AbsPrDesMasterSSvAI"/>
   <TcTypeConstantAttach constantName="SaveAsInput" typeName="SP5AbsPrDesRevision"
       value="SP5AbsPrDesRevisionSvAI"/>
   <TcTypeConstantAttach constantName="SaveAsInput" typeName="SP5AbsPrDesRevisionMaster"
       value="SP5AbsPrDesRevisionMasterSvAI"/>
   <TcTypeConstantAttach constantName="SaveAsInput" typeName="SP5AbsPrDesRevMasterS"
       value="SP5AbsPrDesRevMasterSSvAI"/>
   <TcTypeConstantAttach constantName="SaveAsInput" typeName="SP5PrDesCreo" value="SP5PrDesCreoSvAI"/>
   <TcTypeConstantAttach constantName="SaveAsInput" typeName="SP5PrDesCreoMaster"
       value="SP5PrDesCreoMasterSvAI"/>
   <TcTypeConstantAttach constantName="SaveAsInput" typeName="SP5PrDesCreoMasterS"
       value="SP5PrDesCreoMasterSSvAI"/>
   <TcTypeConstantAttach constantName="SaveAsInput" typeName="SP5PrDesCreoRevision"
       value="SP5PrDesCreoRevisionSvAI"/>
   <TcTypeConstantAttach constantName="SaveAsInput" typeName="SP5PrDesCreoRevisionMaster"
       value="SP5PrDesCreoRevisionMasterSvAI"/>
   <TcTypeConstantAttach constantName="SaveAsInput" typeName="SP5PrDesCreoRevMasterS"
       value="SP5PrDesCreoRevMasterSSvAI"/>
   <TcTypeConstantAttach constantName="SaveAsInput" typeName="SP5PrDesNX" value="SP5PrDesNXSvAI"/>
   <TcTypeConstantAttach constantName="SaveAsInput" typeName="SP5PrDesNXMaster" value="SP5PrDesNXMasterSvAI"/>
   <TcTypeConstantAttach constantName="SaveAsInput" typeName="SP5PrDesNXMasterS" value="SP5PrDesNXMasterSSvAI"/>
   <TcTypeConstantAttach constantName="SaveAsInput" typeName="SP5PrDesNXRevision"
       value="SP5PrDesNXRevisionSvAI"/>
   <TcTypeConstantAttach constantName="SaveAsInput" typeName="SP5PrDesNXRevisionMaster"
       value="SP5PrDesNXRevisionMasterSvAI"/>
   <TcTypeConstantAttach constantName="SaveAsInput" typeName="SP5PrDesNXRevMasterS"
       value="SP5PrDesNXRevMasterSSvAI"/>
   <TcTypeConstantAttach constantName="SaveAsInput" typeName="SP5PrDesSW" value="SP5PrDesSWSvAI"/>
   <TcTypeConstantAttach constantName="SaveAsInput" typeName="SP5PrDesSWMaster" value="SP5PrDesSWMasterSvAI"/>
   <TcTypeConstantAttach constantName="SaveAsInput" typeName="SP5PrDesSWMasterS" value="SP5PrDesSWMasterSSvAI"/>
   <TcTypeConstantAttach constantName="SaveAsInput" typeName="SP5PrDesSWRevision"
       value="SP5PrDesSWRevisionSvAI"/>
   <TcTypeConstantAttach constantName="SaveAsInput" typeName="SP5PrDesSWRevisionMaster"
       value="SP5PrDesSWRevisionMasterSvAI"/>
   <TcTypeConstantAttach constantName="SaveAsInput" typeName="SP5PrDesSWRevMasterS"
       value="SP5PrDesSWRevMasterSSvAI"/>
   <TcPropertyConstantAttach constantName="Enabled" typeName="SP5AbsPrDesRevision"
       propertyName="sp5AbsDesPropCLOV1" value="true"/>
   <TcPropertyConstantAttach constantName="Enabled" typeName="SP5AbsPrDesRevision"
       propertyName="sp5AbsDesPropCLOV2" value="true"/>
   <TcPropertyConstantAttach constantName="Enabled" typeName="SP5AbsPrDesRevision"
       propertyName="sp5AbsDesPropCLOV3" value="true"/>
   <TcPropertyConstantAttach constantName="Enabled" typeName="SP5AbsPrDesRevision"
       propertyName="sp5AbsDesPropCLOV4" value="true"/>
   <TcPropertyConstantAttach constantName="Enabled" typeName="SP5AbsPrDesRevision"
       propertyName="sp5AbsDesPropCLOV5" value="true"/>
   <TcPropertyConstantAttach constantName="Enabled" typeName="SP5AbsPrDesRevision"
       propertyName="sp5AbsDesPropDate1" value="true"/>
   <TcPropertyConstantAttach constantName="Enabled" typeName="SP5AbsPrDesRevision"
       propertyName="sp5AbsDesPropDate2" value="true"/>
   <TcPropertyConstantAttach constantName="Enabled" typeName="SP5AbsPrDesRevision"
       propertyName="sp5AbsDesPropDate3" value="true"/>
   <TcPropertyConstantAttach constantName="Enabled" typeName="SP5AbsPrDesRevision"
       propertyName="sp5AbsDesPropDate4" value="true"/>
   <TcPropertyConstantAttach constantName="Enabled" typeName="SP5AbsPrDesRevision"
       propertyName="sp5AbsDesPropDate5" value="true"/>
   <TcPropertyConstantAttach constantName="Enabled" typeName="SP5AbsPrDesRevision"
       propertyName="sp5AbsDesPropDbl1" value="true"/>
   <TcPropertyConstantAttach constantName="Enabled" typeName="SP5AbsPrDesRevision"
       propertyName="sp5AbsDesPropDbl2" value="true"/>
   <TcPropertyConstantAttach constantName="Enabled" typeName="SP5AbsPrDesRevision"
       propertyName="sp5AbsDesPropDbl3" value="true"/>
   <TcPropertyConstantAttach constantName="Enabled" typeName="SP5AbsPrDesRevision"
       propertyName="sp5AbsDesPropDbl4" value="true"/>
   <TcPropertyConstantAttach constantName="Enabled" typeName="SP5AbsPrDesRevision"
       propertyName="sp5AbsDesPropDbl5" value="true"/>
   <TcPropertyConstantAttach constantName="Enabled" typeName="SP5AbsPrDesRevision"
       propertyName="sp5AbsDesPropDLOV1" value="true"/>
   <TcPropertyConstantAttach constantName="Enabled" typeName="SP5AbsPrDesRevision"
       propertyName="sp5AbsDesPropDLOV2" value="true"/>
   <TcPropertyConstantAttach constantName="Enabled" typeName="SP5AbsPrDesRevision"
       propertyName="sp5AbsDesPropInt1" value="true"/>
   <TcPropertyConstantAttach constantName="Enabled" typeName="SP5AbsPrDesRevision"
       propertyName="sp5AbsDesPropInt2" value="true"/>
   <TcPropertyConstantAttach constantName="Enabled" typeName="SP5AbsPrDesRevision"
       propertyName="sp5AbsDesPropInt3" value="true"/>
   <TcPropertyConstantAttach constantName="Enabled" typeName="SP5AbsPrDesRevision"
       propertyName="sp5AbsDesPropInt4" value="true"/>
   <TcPropertyConstantAttach constantName="Enabled" typeName="SP5AbsPrDesRevision"
       propertyName="sp5AbsDesPropInt5" value="true"/>
   <TcPropertyConstantAttach constantName="Enabled" typeName="SP5AbsPrDesRevision"
       propertyName="sp5AbsDesPropLStr1" value="true"/>
   <TcPropertyConstantAttach constantName="Enabled" typeName="SP5AbsPrDesRevision"
       propertyName="sp5AbsDesPropStr1" value="true"/>
   <TcPropertyConstantAttach constantName="Enabled" typeName="SP5AbsPrDesRevision"
       propertyName="sp5AbsDesPropStr10" value="true"/>
   <TcPropertyConstantAttach constantName="Enabled" typeName="SP5AbsPrDesRevision"
       propertyName="sp5AbsDesPropStr2" value="true"/>
   <TcPropertyConstantAttach constantName="Enabled" typeName="SP5AbsPrDesRevision"
       propertyName="sp5AbsDesPropStr3" value="true"/>
   <TcPropertyConstantAttach constantName="Enabled" typeName="SP5AbsPrDesRevision"
       propertyName="sp5AbsDesPropStr4" value="true"/>
   <TcPropertyConstantAttach constantName="Enabled" typeName="SP5AbsPrDesRevision"
       propertyName="sp5AbsDesPropStr5" value="true"/>
   <TcPropertyConstantAttach constantName="Enabled" typeName="SP5AbsPrDesRevision"
       propertyName="sp5AbsDesPropStr6" value="true"/>
   <TcPropertyConstantAttach constantName="Enabled" typeName="SP5AbsPrDesRevision"
       propertyName="sp5AbsDesPropStr7" value="true"/>
   <TcPropertyConstantAttach constantName="Enabled" typeName="SP5AbsPrDesRevision"
       propertyName="sp5AbsDesPropStr8" value="true"/>
   <TcPropertyConstantAttach constantName="Enabled" typeName="SP5AbsPrDesRevision"
       propertyName="sp5AbsDesPropStr9" value="true"/>
   <TcPropertyConstantAttach constantName="Modifiable" typeName="SP5AbsPrDesRevision"
       propertyName="sp5AbsDesPropCLOV1" value="Write"/>
   <TcPropertyConstantAttach constantName="Modifiable" typeName="SP5AbsPrDesRevision"
       propertyName="sp5AbsDesPropCLOV2" value="Write"/>
   <TcPropertyConstantAttach constantName="Modifiable" typeName="SP5AbsPrDesRevision"
       propertyName="sp5AbsDesPropCLOV3" value="Write"/>
   <TcPropertyConstantAttach constantName="Modifiable" typeName="SP5AbsPrDesRevision"
       propertyName="sp5AbsDesPropCLOV4" value="Write"/>
   <TcPropertyConstantAttach constantName="Modifiable" typeName="SP5AbsPrDesRevision"
       propertyName="sp5AbsDesPropCLOV5" value="Write"/>
   <TcPropertyConstantAttach constantName="Modifiable" typeName="SP5AbsPrDesRevision"
       propertyName="sp5AbsDesPropDate1" value="Write"/>
   <TcPropertyConstantAttach constantName="Modifiable" typeName="SP5AbsPrDesRevision"
       propertyName="sp5AbsDesPropDate2" value="Write"/>
   <TcPropertyConstantAttach constantName="Modifiable" typeName="SP5AbsPrDesRevision"
       propertyName="sp5AbsDesPropDate3" value="Write"/>
   <TcPropertyConstantAttach constantName="Modifiable" typeName="SP5AbsPrDesRevision"
       propertyName="sp5AbsDesPropDate4" value="Write"/>
   <TcPropertyConstantAttach constantName="Modifiable" typeName="SP5AbsPrDesRevision"
       propertyName="sp5AbsDesPropDate5" value="Write"/>
   <TcPropertyConstantAttach constantName="Modifiable" typeName="SP5AbsPrDesRevision"
       propertyName="sp5AbsDesPropDbl1" value="Write"/>
   <TcPropertyConstantAttach constantName="Modifiable" typeName="SP5AbsPrDesRevision"
       propertyName="sp5AbsDesPropDbl2" value="Write"/>
   <TcPropertyConstantAttach constantName="Modifiable" typeName="SP5AbsPrDesRevision"
       propertyName="sp5AbsDesPropDbl3" value="Write"/>
   <TcPropertyConstantAttach constantName="Modifiable" typeName="SP5AbsPrDesRevision"
       propertyName="sp5AbsDesPropDbl4" value="Write"/>
   <TcPropertyConstantAttach constantName="Modifiable" typeName="SP5AbsPrDesRevision"
       propertyName="sp5AbsDesPropDbl5" value="Write"/>
   <TcPropertyConstantAttach constantName="Modifiable" typeName="SP5AbsPrDesRevision"
       propertyName="sp5AbsDesPropDLOV1" value="Write"/>
   <TcPropertyConstantAttach constantName="Modifiable" typeName="SP5AbsPrDesRevision"
       propertyName="sp5AbsDesPropDLOV2" value="Write"/>
   <TcPropertyConstantAttach constantName="Modifiable" typeName="SP5AbsPrDesRevision"
       propertyName="sp5AbsDesPropInt1" value="Write"/>
   <TcPropertyConstantAttach constantName="Modifiable" typeName="SP5AbsPrDesRevision"
       propertyName="sp5AbsDesPropInt2" value="Write"/>
   <TcPropertyConstantAttach constantName="Modifiable" typeName="SP5AbsPrDesRevision"
       propertyName="sp5AbsDesPropInt3" value="Write"/>
   <TcPropertyConstantAttach constantName="Modifiable" typeName="SP5AbsPrDesRevision"
       propertyName="sp5AbsDesPropInt4" value="Write"/>
   <TcPropertyConstantAttach constantName="Modifiable" typeName="SP5AbsPrDesRevision"
       propertyName="sp5AbsDesPropInt5" value="Write"/>
   <TcPropertyConstantAttach constantName="Modifiable" typeName="SP5AbsPrDesRevision"
       propertyName="sp5AbsDesPropLStr1" value="Write"/>
   <TcPropertyConstantAttach constantName="Modifiable" typeName="SP5AbsPrDesRevision"
       propertyName="sp5AbsDesPropStr1" value="Write"/>
   <TcPropertyConstantAttach constantName="Modifiable" typeName="SP5AbsPrDesRevision"
       propertyName="sp5AbsDesPropStr10" value="Write"/>
   <TcPropertyConstantAttach constantName="Modifiable" typeName="SP5AbsPrDesRevision"
       propertyName="sp5AbsDesPropStr2" value="Write"/>
   <TcPropertyConstantAttach constantName="Modifiable" typeName="SP5AbsPrDesRevision"
       propertyName="sp5AbsDesPropStr3" value="Write"/>
   <TcPropertyConstantAttach constantName="Modifiable" typeName="SP5AbsPrDesRevision"
       propertyName="sp5AbsDesPropStr4" value="Write"/>
   <TcPropertyConstantAttach constantName="Modifiable" typeName="SP5AbsPrDesRevision"
       propertyName="sp5AbsDesPropStr5" value="Write"/>
   <TcPropertyConstantAttach constantName="Modifiable" typeName="SP5AbsPrDesRevision"
       propertyName="sp5AbsDesPropStr6" value="Write"/>
   <TcPropertyConstantAttach constantName="Modifiable" typeName="SP5AbsPrDesRevision"
       propertyName="sp5AbsDesPropStr7" value="Write"/>
   <TcPropertyConstantAttach constantName="Modifiable" typeName="SP5AbsPrDesRevision"
       propertyName="sp5AbsDesPropStr8" value="Write"/>
   <TcPropertyConstantAttach constantName="Modifiable" typeName="SP5AbsPrDesRevision"
       propertyName="sp5AbsDesPropStr9" value="Write"/>
   <TcLOVAttach lovName="SP5AbsDesPropCLOV4" typeName="SP5AbsPrDesRevision">
     <TcLOVAttachPropertyInfo valuePropertyName="sp5AbsDesPropCLOV4" conditionName="isTrue"
         override="false" level="0"/>
   </TcLOVAttach>
   <TcLOVAttach lovName="SP5AbsDesPropCLOV5" typeName="SP5AbsPrDesRevision">
     <TcLOVAttachPropertyInfo valuePropertyName="sp5AbsDesPropCLOV5" conditionName="isTrue"
         override="false" level="0"/>
   </TcLOVAttach>
   <TcLOVAttach lovName="SP5AbsDesPropDLOV1" typeName="SP5AbsPrDesRevision">
     <TcLOVAttachPropertyInfo valuePropertyName="sp5AbsDesPropDLOV1" conditionName="isTrue"
         override="false" level="0"/>
   </TcLOVAttach>
   <TcLOVAttach lovName="SP5AbsDesPropDLOV2" typeName="SP5AbsPrDesRevision">
     <TcLOVAttachPropertyInfo valuePropertyName="sp5AbsDesPropDLOV2" conditionName="isTrue"
         override="false" level="0"/>
   </TcLOVAttach>
   <TcLOVAttach lovName="SP5AbsPartPropCLOV1" typeName="SP5AbsPrDesRevision">
     <TcLOVAttachPropertyInfo valuePropertyName="sp5AbsDesPropCLOV1" conditionName="isTrue"
         override="false" level="0"/>
   </TcLOVAttach>
   <TcLOVAttach lovName="SP5AbsPartPropCLOV2" typeName="SP5AbsPrDesRevision">
     <TcLOVAttachPropertyInfo valuePropertyName="sp5AbsDesPropCLOV3" conditionName="isTrue"
         override="false" level="0"/>
   </TcLOVAttach>
   <TcLOVAttach lovName="SP5YesNoLOV" typeName="SP5AbsPrDesRevision">
     <TcLOVAttachPropertyInfo valuePropertyName="sp5AbsDesPropCLOV2" conditionName="isTrue"
         override="false" level="0"/>
   </TcLOVAttach>
</Add>
</TcBusinessData>
