<?xml version="1.0" encoding="UTF-8"?>
<TcBusinessData xmlns="http://teamcenter.com/BusinessModel/TcBusinessData" Date="">
<Add>
   <TcClass className="SP5AbsPart" parentClassName="Part" isExportable="false" isUninstantiable="false"
       isUninheritable="false" description=""/>
   <TcClass className="SP5AbsPartMasterS" parentClassName="PartMaster" isExportable="false"
       isUninstantiable="false" isUninheritable="false" description=""/>
   <TcClass className="SP5AbsPartRevMasterS" parentClassName="PartVerMaster" isExportable="false"
       isUninstantiable="false" isUninheritable="false" description=""/>
   <TcClass className="SP5AbsPartRevision" parentClassName="Part_0_Revision_alt" isExportable="false"
       isUninstantiable="false" isUninheritable="false" description="">
     <TcAttribute attributeName="sp5AbsPartPropStr1" description="" attributeType="POM_string"
         maxStringLength="128" isArray="false" followOnExport="false" isNullsAllowed="true"
         isUnique="false" isPublicRead="true" isPublicWrite="true" isCandidateKey="false"
         isTransient="false" exportAsString="false" noBackpointer="false" lowerBoundValue=""
         upperBoundValue=""/>
     <TcAttribute attributeName="sp5AbsPartPropStr2" description="" attributeType="POM_string"
         maxStringLength="128" isArray="false" followOnExport="false" isNullsAllowed="true"
         isUnique="false" isPublicRead="true" isPublicWrite="true" isCandidateKey="false"
         isTransient="false" exportAsString="false" noBackpointer="false" lowerBoundValue=""
         upperBoundValue=""/>
     <TcAttribute attributeName="sp5AbsPartPropStr3" description="" attributeType="POM_string"
         maxStringLength="128" isArray="false" followOnExport="false" isNullsAllowed="true"
         isUnique="false" isPublicRead="true" isPublicWrite="true" isCandidateKey="false"
         isTransient="false" exportAsString="false" noBackpointer="false" lowerBoundValue=""
         upperBoundValue=""/>
     <TcAttribute attributeName="sp5AbsPartPropStr4" description="" attributeType="POM_string"
         maxStringLength="128" isArray="false" followOnExport="false" isNullsAllowed="true"
         isUnique="false" isPublicRead="true" isPublicWrite="true" isCandidateKey="false"
         isTransient="false" exportAsString="false" noBackpointer="false" lowerBoundValue=""
         upperBoundValue=""/>
     <TcAttribute attributeName="sp5AbsPartPropStr5" description="" attributeType="POM_string"
         maxStringLength="128" isArray="false" followOnExport="false" isNullsAllowed="true"
         isUnique="false" isPublicRead="true" isPublicWrite="true" isCandidateKey="false"
         isTransient="false" exportAsString="false" noBackpointer="false" lowerBoundValue=""
         upperBoundValue=""/>
     <TcAttribute attributeName="sp5AbsPartPropStr6" description="" attributeType="POM_string"
         maxStringLength="128" isArray="false" followOnExport="false" isNullsAllowed="true"
         isUnique="false" isPublicRead="true" isPublicWrite="true" isCandidateKey="false"
         isTransient="false" exportAsString="false" noBackpointer="false" lowerBoundValue=""
         upperBoundValue=""/>
     <TcAttribute attributeName="sp5AbsPartPropStr7" description="" attributeType="POM_string"
         maxStringLength="128" isArray="false" followOnExport="false" isNullsAllowed="true"
         isUnique="false" isPublicRead="true" isPublicWrite="true" isCandidateKey="false"
         isTransient="false" exportAsString="false" noBackpointer="false" lowerBoundValue=""
         upperBoundValue=""/>
     <TcAttribute attributeName="sp5AbsPartPropStr8" description="" attributeType="POM_string"
         maxStringLength="128" isArray="false" followOnExport="false" isNullsAllowed="true"
         isUnique="false" isPublicRead="true" isPublicWrite="true" isCandidateKey="false"
         isTransient="false" exportAsString="false" noBackpointer="false" lowerBoundValue=""
         upperBoundValue=""/>
     <TcAttribute attributeName="sp5AbsPartPropStr9" description="" attributeType="POM_string"
         maxStringLength="128" isArray="false" followOnExport="false" isNullsAllowed="true"
         isUnique="false" isPublicRead="true" isPublicWrite="true" isCandidateKey="false"
         isTransient="false" exportAsString="false" noBackpointer="false" lowerBoundValue=""
         upperBoundValue=""/>
     <TcAttribute attributeName="sp5AbsPartPropStr10" description="" attributeType="POM_string"
         maxStringLength="128" isArray="false" followOnExport="false" isNullsAllowed="true"
         isUnique="false" isPublicRead="true" isPublicWrite="true" isCandidateKey="false"
         isTransient="false" exportAsString="false" noBackpointer="false" lowerBoundValue=""
         upperBoundValue=""/>
     <TcAttribute attributeName="sp5AbsPartPropLStr1" description="" attributeType="POM_long_string"
         maxStringLength="0" isArray="false" followOnExport="false" isNullsAllowed="true"
         isUnique="false" isPublicRead="true" isPublicWrite="true" isCandidateKey="false"
         isTransient="false" exportAsString="false" noBackpointer="false" lowerBoundValue=""
         upperBoundValue=""/>
     <TcAttribute attributeName="sp5AbsPartPropCLOV1" description="" attributeType="POM_string"
         maxStringLength="128" isArray="false" followOnExport="false" isNullsAllowed="true"
         isUnique="false" isPublicRead="true" isPublicWrite="true" isCandidateKey="false"
         isTransient="false" exportAsString="false" noBackpointer="false" lowerBoundValue=""
         upperBoundValue=""/>
     <TcAttribute attributeName="sp5AbsPartPropCLOV2" description="" attributeType="POM_string"
         maxStringLength="128" isArray="false" followOnExport="false" isNullsAllowed="true"
         isUnique="false" isPublicRead="true" isPublicWrite="true" isCandidateKey="false"
         isTransient="false" exportAsString="false" noBackpointer="false" lowerBoundValue=""
         upperBoundValue=""/>
     <TcAttribute attributeName="sp5AbsPartPropCLOV3" description="" attributeType="POM_string"
         maxStringLength="128" isArray="false" followOnExport="false" isNullsAllowed="true"
         isUnique="false" isPublicRead="true" isPublicWrite="true" isCandidateKey="false"
         isTransient="false" exportAsString="false" noBackpointer="false" lowerBoundValue=""
         upperBoundValue=""/>
     <TcAttribute attributeName="sp5AbsPartPropCLOV4" description="" attributeType="POM_string"
         maxStringLength="128" isArray="false" followOnExport="false" isNullsAllowed="true"
         isUnique="false" isPublicRead="true" isPublicWrite="true" isCandidateKey="false"
         isTransient="false" exportAsString="false" noBackpointer="false" lowerBoundValue=""
         upperBoundValue=""/>
     <TcAttribute attributeName="sp5AbsPartPropCLOV5" description="" attributeType="POM_string"
         maxStringLength="128" isArray="false" followOnExport="false" isNullsAllowed="true"
         isUnique="false" isPublicRead="true" isPublicWrite="true" isCandidateKey="false"
         isTransient="false" exportAsString="false" noBackpointer="false" lowerBoundValue=""
         upperBoundValue=""/>
     <TcAttribute attributeName="sp5AbsPartPropDLOV1" description="" attributeType="POM_string"
         maxStringLength="128" isArray="false" followOnExport="false" isNullsAllowed="true"
         isUnique="false" isPublicRead="true" isPublicWrite="true" isCandidateKey="false"
         isTransient="false" exportAsString="false" noBackpointer="false" lowerBoundValue=""
         upperBoundValue=""/>
     <TcAttribute attributeName="sp5AbsPartPropDLOV2" description="" attributeType="POM_string"
         maxStringLength="128" isArray="false" followOnExport="false" isNullsAllowed="true"
         isUnique="false" isPublicRead="true" isPublicWrite="true" isCandidateKey="false"
         isTransient="false" exportAsString="false" noBackpointer="false" lowerBoundValue=""
         upperBoundValue=""/>
     <TcAttribute attributeName="sp5AbsPartPropDbl1" description="" attributeType="POM_double"
         maxStringLength="0" isArray="false" followOnExport="false" isNullsAllowed="true"
         isUnique="false" isPublicRead="true" isPublicWrite="true" isCandidateKey="false"
         isTransient="false" exportAsString="false" noBackpointer="false" lowerBoundValue=""
         upperBoundValue=""/>
     <TcAttribute attributeName="sp5AbsPartPropDbl2" description="" attributeType="POM_double"
         maxStringLength="0" isArray="false" followOnExport="false" isNullsAllowed="true"
         isUnique="false" isPublicRead="true" isPublicWrite="true" isCandidateKey="false"
         isTransient="false" exportAsString="false" noBackpointer="false" lowerBoundValue=""
         upperBoundValue=""/>
     <TcAttribute attributeName="sp5AbsPartPropDbl3" description="" attributeType="POM_double"
         maxStringLength="0" isArray="false" followOnExport="false" isNullsAllowed="true"
         isUnique="false" isPublicRead="true" isPublicWrite="true" isCandidateKey="false"
         isTransient="false" exportAsString="false" noBackpointer="false" lowerBoundValue=""
         upperBoundValue=""/>
     <TcAttribute attributeName="sp5AbsPartPropDbl4" description="" attributeType="POM_double"
         maxStringLength="0" isArray="false" followOnExport="false" isNullsAllowed="true"
         isUnique="false" isPublicRead="true" isPublicWrite="true" isCandidateKey="false"
         isTransient="false" exportAsString="false" noBackpointer="false" lowerBoundValue=""
         upperBoundValue=""/>
     <TcAttribute attributeName="sp5AbsPartPropDbl5" description="" attributeType="POM_double"
         maxStringLength="0" isArray="false" followOnExport="false" isNullsAllowed="true"
         isUnique="false" isPublicRead="true" isPublicWrite="true" isCandidateKey="false"
         isTransient="false" exportAsString="false" noBackpointer="false" lowerBoundValue=""
         upperBoundValue=""/>
     <TcAttribute attributeName="sp5AbsPartPropInt1" description="" attributeType="POM_int"
         maxStringLength="0" isArray="false" followOnExport="false" isNullsAllowed="true"
         isUnique="false" isPublicRead="true" isPublicWrite="true" isCandidateKey="false"
         isTransient="false" exportAsString="false" noBackpointer="false" lowerBoundValue=""
         upperBoundValue=""/>
     <TcAttribute attributeName="sp5AbsPartPropInt2" description="" attributeType="POM_int"
         maxStringLength="0" isArray="false" followOnExport="false" isNullsAllowed="true"
         isUnique="false" isPublicRead="true" isPublicWrite="true" isCandidateKey="false"
         isTransient="false" exportAsString="false" noBackpointer="false" lowerBoundValue=""
         upperBoundValue=""/>
     <TcAttribute attributeName="sp5AbsPartPropInt4" description="" attributeType="POM_int"
         maxStringLength="0" isArray="false" followOnExport="false" isNullsAllowed="true"
         isUnique="false" isPublicRead="true" isPublicWrite="true" isCandidateKey="false"
         isTransient="false" exportAsString="false" noBackpointer="false" lowerBoundValue=""
         upperBoundValue=""/>
     <TcAttribute attributeName="sp5AbsPartPropInt5" description="" attributeType="POM_int"
         maxStringLength="0" isArray="false" followOnExport="false" isNullsAllowed="true"
         isUnique="false" isPublicRead="true" isPublicWrite="true" isCandidateKey="false"
         isTransient="false" exportAsString="false" noBackpointer="false" lowerBoundValue=""
         upperBoundValue=""/>
     <TcAttribute attributeName="sp5AbsPartPropInt3" description="" attributeType="POM_int"
         maxStringLength="0" isArray="false" followOnExport="false" isNullsAllowed="true"
         isUnique="false" isPublicRead="true" isPublicWrite="true" isCandidateKey="false"
         isTransient="false" exportAsString="false" noBackpointer="false" lowerBoundValue=""
         upperBoundValue=""/>
     <TcAttribute attributeName="sp5AbsPartPropDate1" description="" attributeType="POM_date"
         maxStringLength="0" isArray="false" followOnExport="false" isNullsAllowed="true"
         isUnique="false" isPublicRead="true" isPublicWrite="true" isCandidateKey="false"
         isTransient="false" exportAsString="false" noBackpointer="false" lowerBoundValue=""
         upperBoundValue=""/>
     <TcAttribute attributeName="sp5AbsPartPropDate2" description="" attributeType="POM_date"
         maxStringLength="0" isArray="false" followOnExport="false" isNullsAllowed="true"
         isUnique="false" isPublicRead="true" isPublicWrite="true" isCandidateKey="false"
         isTransient="false" exportAsString="false" noBackpointer="false" lowerBoundValue=""
         upperBoundValue=""/>
     <TcAttribute attributeName="sp5AbsPartPropDate3" description="" attributeType="POM_date"
         maxStringLength="0" isArray="false" followOnExport="false" isNullsAllowed="true"
         isUnique="false" isPublicRead="true" isPublicWrite="true" isCandidateKey="false"
         isTransient="false" exportAsString="false" noBackpointer="false" lowerBoundValue=""
         upperBoundValue=""/>
     <TcAttribute attributeName="sp5AbsPartPropDate4" description="" attributeType="POM_date"
         maxStringLength="0" isArray="false" followOnExport="false" isNullsAllowed="true"
         isUnique="false" isPublicRead="true" isPublicWrite="true" isCandidateKey="false"
         isTransient="false" exportAsString="false" noBackpointer="false" lowerBoundValue=""
         upperBoundValue=""/>
     <TcAttribute attributeName="sp5AbsPartPropDate5" description="" attributeType="POM_date"
         maxStringLength="0" isArray="false" followOnExport="false" isNullsAllowed="true"
         isUnique="false" isPublicRead="true" isPublicWrite="true" isCandidateKey="false"
         isTransient="false" exportAsString="false" noBackpointer="false" lowerBoundValue=""
         upperBoundValue=""/>
   </TcClass>
   <TcClass className="SP5PartEng" parentClassName="SP5AbsPart" isExportable="false"
       isUninstantiable="false" isUninheritable="false" description=""/>
   <TcClass className="SP5PartEngMasterS" parentClassName="SP5AbsPartMasterS" isExportable="false"
       isUninstantiable="false" isUninheritable="false" description=""/>
   <TcClass className="SP5PartEngRevMasterS" parentClassName="SP5AbsPartRevMasterS"
       isExportable="false" isUninstantiable="false" isUninheritable="false" description=""/>
   <TcClass className="SP5PartEngRevision" parentClassName="SP5AbsPartRevision" isExportable="false"
       isUninstantiable="false" isUninheritable="false" description="">
     <TcAttribute attributeName="sp5EngPartPropCLOV1" description="" attributeType="POM_string"
         maxStringLength="128" isArray="false" followOnExport="false" isNullsAllowed="true"
         isUnique="false" isPublicRead="true" isPublicWrite="true" isCandidateKey="false"
         isTransient="false" exportAsString="false" noBackpointer="false" lowerBoundValue=""
         upperBoundValue=""/>
     <TcAttribute attributeName="sp5EngPartPropCLOV2" description="" attributeType="POM_string"
         maxStringLength="128" isArray="false" followOnExport="false" isNullsAllowed="true"
         isUnique="false" isPublicRead="true" isPublicWrite="true" isCandidateKey="false"
         isTransient="false" exportAsString="false" noBackpointer="false" lowerBoundValue=""
         upperBoundValue=""/>
     <TcAttribute attributeName="sp5EngPartPropCLOV3" description="" attributeType="POM_string"
         maxStringLength="128" isArray="false" followOnExport="false" isNullsAllowed="true"
         isUnique="false" isPublicRead="true" isPublicWrite="true" isCandidateKey="false"
         isTransient="false" exportAsString="false" noBackpointer="false" lowerBoundValue=""
         upperBoundValue=""/>
     <TcAttribute attributeName="sp5EngPartPropCLOV4" description="" attributeType="POM_string"
         maxStringLength="128" isArray="false" followOnExport="false" isNullsAllowed="true"
         isUnique="false" isPublicRead="true" isPublicWrite="true" isCandidateKey="false"
         isTransient="false" exportAsString="false" noBackpointer="false" lowerBoundValue=""
         upperBoundValue=""/>
     <TcAttribute attributeName="sp5EngPartPropStr1" description="" attributeType="POM_string"
         maxStringLength="128" isArray="false" followOnExport="false" isNullsAllowed="true"
         isUnique="false" isPublicRead="true" isPublicWrite="true" isCandidateKey="false"
         isTransient="false" exportAsString="false" noBackpointer="false" lowerBoundValue=""
         upperBoundValue=""/>
     <TcAttribute attributeName="sp5EngPartPropStr2" description="" attributeType="POM_string"
         maxStringLength="128" isArray="false" followOnExport="false" isNullsAllowed="true"
         isUnique="false" isPublicRead="true" isPublicWrite="true" isCandidateKey="false"
         isTransient="false" exportAsString="false" noBackpointer="false" lowerBoundValue=""
         upperBoundValue=""/>
     <TcAttribute attributeName="sp5EngPartPropCLOV6" description="" attributeType="POM_string"
         maxStringLength="128" isArray="false" followOnExport="false" isNullsAllowed="true"
         isUnique="false" isPublicRead="true" isPublicWrite="true" isCandidateKey="false"
         isTransient="false" exportAsString="false" noBackpointer="false" lowerBoundValue=""
         upperBoundValue=""/>
     <TcAttribute attributeName="sp5EngPartPropCLOV7" description="" attributeType="POM_string"
         maxStringLength="128" isArray="false" followOnExport="false" isNullsAllowed="true"
         isUnique="false" isPublicRead="true" isPublicWrite="true" isCandidateKey="false"
         isTransient="false" exportAsString="false" noBackpointer="false" lowerBoundValue=""
         upperBoundValue=""/>
     <TcAttribute attributeName="sp5EngPartPropCLOV8" description="" attributeType="POM_string"
         maxStringLength="128" isArray="false" followOnExport="false" isNullsAllowed="true"
         isUnique="false" isPublicRead="true" isPublicWrite="true" isCandidateKey="false"
         isTransient="false" exportAsString="false" noBackpointer="false" lowerBoundValue=""
         upperBoundValue=""/>
     <TcAttribute attributeName="sp5EngPartPropCLOV5" description="" attributeType="POM_string"
         maxStringLength="128" isArray="false" followOnExport="false" isNullsAllowed="true"
         isUnique="false" isPublicRead="true" isPublicWrite="true" isCandidateKey="false"
         isTransient="false" exportAsString="false" noBackpointer="false" lowerBoundValue=""
         upperBoundValue=""/>
   </TcClass>
   <TcClass className="SP5PartMfg" parentClassName="SP5AbsPart" isExportable="false"
       isUninstantiable="false" isUninheritable="false" description=""/>
   <TcClass className="SP5PartMfgMasterS" parentClassName="SP5AbsPartMasterS" isExportable="false"
       isUninstantiable="false" isUninheritable="false" description=""/>
   <TcClass className="SP5PartMfgRevMasterS" parentClassName="SP5AbsPartRevMasterS"
       isExportable="false" isUninstantiable="false" isUninheritable="false" description=""/>
   <TcClass className="SP5PartMfgRevision" parentClassName="SP5AbsPartRevision" isExportable="false"
       isUninstantiable="false" isUninheritable="false" description=""/>
   <OperationInputType typeName="SP5AbsPartCreI" parentTypeName="PartCreI" typeClassName="SP5AbsPartCreI"
       description="CreateInput object for &quot;SP5AbsPart&quot; business object"
       isAbstract="true" artifactName="SP5AbsPartCreI"/>
   <OperationInputType typeName="SP5AbsPartMasterCreI" parentTypeName="Part MasterCreI"
       typeClassName="SP5AbsPartMasterCreI" description="CreateInput object for &quot;SP5AbsPartMaster&quot; business object"
       isAbstract="false" artifactName="SP5AbsPartMasterCreI"/>
   <OperationInputType typeName="SP5AbsPartMasterSCreI" parentTypeName="PartMasterCreI"
       typeClassName="SP5AbsPartMasterSCreI" description="CreateInput object for &quot;SP5AbsPartMasterS&quot; business object"
       isAbstract="false" artifactName="SP5AbsPartMasterSCreI"/>
   <OperationInputType typeName="SP5AbsPartMasterSSvAI" parentTypeName="PartMasterSvAI"
       typeClassName="SP5AbsPartMasterSSvAI" description="SaveAsInput object for &quot;SP5AbsPartMasterS&quot; business object"
       isAbstract="false" artifactName="SP5AbsPartMasterSSvAI"/>
   <OperationInputType typeName="SP5AbsPartMasterSvAI" parentTypeName="Part MasterSvAI"
       typeClassName="SP5AbsPartMasterSvAI" description="SaveAsInput object for &quot;SP5AbsPartMaster&quot; business object"
       isAbstract="false" artifactName="SP5AbsPartMasterSvAI"/>
   <OperationInputType typeName="SP5AbsPartRevMasterSCreI" parentTypeName="PartVerMasterCreI"
       typeClassName="SP5AbsPartRevMasterSCreI" description="CreateInput object for &quot;SP5AbsPartRevMasterS&quot; business object"
       isAbstract="false" artifactName="SP5AbsPartRevMasterSCreI"/>
   <OperationInputType typeName="SP5AbsPartRevMasterSSvAI" parentTypeName="PartVerMasterSvAI"
       typeClassName="SP5AbsPartRevMasterSSvAI" description="SaveAsInput object for &quot;SP5AbsPartRevMasterS&quot; business object"
       isAbstract="false" artifactName="SP5AbsPartRevMasterSSvAI"/>
   <OperationInputType typeName="SP5AbsPartRevisionCreI" parentTypeName="Part RevisionCreI"
       typeClassName="SP5AbsPartRevisionCreI" description="CreateInput object for &quot;SP5AbsPartRevision&quot; business object"
       isAbstract="true" artifactName="SP5AbsPartRevisionCreI">
     <OperationInputProperty propName="sp5AbsPartPropStr2" compoundObjectConstant=""
         srcPropName="sp5AbsPartPropStr2" compoundObjectType="" fieldType="SimpleProperty"
         description=""/>
     <OperationInputProperty propName="sp5AbsPartPropStr3" compoundObjectConstant=""
         srcPropName="sp5AbsPartPropStr3" compoundObjectType="" fieldType="SimpleProperty"
         description=""/>
     <OperationInputProperty propName="sp5AbsPartPropStr4" compoundObjectConstant=""
         srcPropName="sp5AbsPartPropStr4" compoundObjectType="" fieldType="SimpleProperty"
         description=""/>
     <OperationInputProperty propName="sp5AbsPartPropStr5" compoundObjectConstant=""
         srcPropName="sp5AbsPartPropStr5" compoundObjectType="" fieldType="SimpleProperty"
         description=""/>
     <OperationInputProperty propName="sp5AbsPartPropStr6" compoundObjectConstant=""
         srcPropName="sp5AbsPartPropStr6" compoundObjectType="" fieldType="SimpleProperty"
         description=""/>
     <OperationInputProperty propName="sp5AbsPartPropStr7" compoundObjectConstant=""
         srcPropName="sp5AbsPartPropStr7" compoundObjectType="" fieldType="SimpleProperty"
         description=""/>
     <OperationInputProperty propName="sp5AbsPartPropStr8" compoundObjectConstant=""
         srcPropName="sp5AbsPartPropStr8" compoundObjectType="" fieldType="SimpleProperty"
         description=""/>
     <OperationInputProperty propName="sp5AbsPartPropStr9" compoundObjectConstant=""
         srcPropName="sp5AbsPartPropStr9" compoundObjectType="" fieldType="SimpleProperty"
         description=""/>
     <OperationInputProperty propName="sp5AbsPartPropStr10" compoundObjectConstant=""
         srcPropName="sp5AbsPartPropStr10" compoundObjectType="" fieldType="SimpleProperty"
         description=""/>
     <OperationInputProperty propName="sp5AbsPartPropLStr1" compoundObjectConstant=""
         srcPropName="sp5AbsPartPropLStr1" compoundObjectType="" fieldType="SimpleProperty"
         description=""/>
     <OperationInputProperty propName="sp5AbsPartPropCLOV1" compoundObjectConstant=""
         srcPropName="sp5AbsPartPropCLOV1" compoundObjectType="" fieldType="SimpleProperty"
         description=""/>
     <OperationInputProperty propName="sp5AbsPartPropCLOV2" compoundObjectConstant=""
         srcPropName="sp5AbsPartPropCLOV2" compoundObjectType="" fieldType="SimpleProperty"
         description=""/>
     <OperationInputProperty propName="sp5AbsPartPropCLOV3" compoundObjectConstant=""
         srcPropName="sp5AbsPartPropCLOV3" compoundObjectType="" fieldType="SimpleProperty"
         description=""/>
     <OperationInputProperty propName="sp5AbsPartPropCLOV4" compoundObjectConstant=""
         srcPropName="sp5AbsPartPropCLOV4" compoundObjectType="" fieldType="SimpleProperty"
         description=""/>
     <OperationInputProperty propName="sp5AbsPartPropCLOV5" compoundObjectConstant=""
         srcPropName="sp5AbsPartPropCLOV5" compoundObjectType="" fieldType="SimpleProperty"
         description=""/>
     <OperationInputProperty propName="sp5AbsPartPropDLOV1" compoundObjectConstant=""
         srcPropName="sp5AbsPartPropDLOV1" compoundObjectType="" fieldType="SimpleProperty"
         description=""/>
     <OperationInputProperty propName="sp5AbsPartPropDLOV2" compoundObjectConstant=""
         srcPropName="sp5AbsPartPropDLOV2" compoundObjectType="" fieldType="SimpleProperty"
         description=""/>
     <OperationInputProperty propName="sp5AbsPartPropDbl1" compoundObjectConstant=""
         srcPropName="sp5AbsPartPropDbl1" compoundObjectType="" fieldType="SimpleProperty"
         description=""/>
     <OperationInputProperty propName="sp5AbsPartPropDbl2" compoundObjectConstant=""
         srcPropName="sp5AbsPartPropDbl2" compoundObjectType="" fieldType="SimpleProperty"
         description=""/>
     <OperationInputProperty propName="sp5AbsPartPropDbl3" compoundObjectConstant=""
         srcPropName="sp5AbsPartPropDbl3" compoundObjectType="" fieldType="SimpleProperty"
         description=""/>
     <OperationInputProperty propName="sp5AbsPartPropDbl4" compoundObjectConstant=""
         srcPropName="sp5AbsPartPropDbl4" compoundObjectType="" fieldType="SimpleProperty"
         description=""/>
     <OperationInputProperty propName="sp5AbsPartPropDbl5" compoundObjectConstant=""
         srcPropName="sp5AbsPartPropDbl5" compoundObjectType="" fieldType="SimpleProperty"
         description=""/>
     <OperationInputProperty propName="sp5AbsPartPropInt1" compoundObjectConstant=""
         srcPropName="sp5AbsPartPropInt1" compoundObjectType="" fieldType="SimpleProperty"
         description=""/>
     <OperationInputProperty propName="sp5AbsPartPropInt2" compoundObjectConstant=""
         srcPropName="sp5AbsPartPropInt2" compoundObjectType="" fieldType="SimpleProperty"
         description=""/>
     <OperationInputProperty propName="sp5AbsPartPropInt4" compoundObjectConstant=""
         srcPropName="sp5AbsPartPropInt4" compoundObjectType="" fieldType="SimpleProperty"
         description=""/>
     <OperationInputProperty propName="sp5AbsPartPropInt5" compoundObjectConstant=""
         srcPropName="sp5AbsPartPropInt5" compoundObjectType="" fieldType="SimpleProperty"
         description=""/>
     <OperationInputProperty propName="sp5AbsPartPropInt3" compoundObjectConstant=""
         srcPropName="sp5AbsPartPropInt3" compoundObjectType="" fieldType="SimpleProperty"
         description=""/>
     <OperationInputProperty propName="sp5AbsPartPropDate1" compoundObjectConstant=""
         srcPropName="sp5AbsPartPropDate1" compoundObjectType="" fieldType="SimpleProperty"
         description=""/>
     <OperationInputProperty propName="sp5AbsPartPropDate2" compoundObjectConstant=""
         srcPropName="sp5AbsPartPropDate2" compoundObjectType="" fieldType="SimpleProperty"
         description=""/>
     <OperationInputProperty propName="sp5AbsPartPropDate3" compoundObjectConstant=""
         srcPropName="sp5AbsPartPropDate3" compoundObjectType="" fieldType="SimpleProperty"
         description=""/>
     <OperationInputProperty propName="sp5AbsPartPropDate4" compoundObjectConstant=""
         srcPropName="sp5AbsPartPropDate4" compoundObjectType="" fieldType="SimpleProperty"
         description=""/>
     <OperationInputProperty propName="sp5AbsPartPropDate5" compoundObjectConstant=""
         srcPropName="sp5AbsPartPropDate5" compoundObjectType="" fieldType="SimpleProperty"
         description=""/>
   </OperationInputType>
   <OperationInputType typeName="SP5AbsPartRevisionMasterCreI" parentTypeName="Part Revision MasterCreI"
       typeClassName="SP5AbsPartRevisionMasterCreI" description="CreateInput object for &quot;SP5AbsPartRevisionMaster&quot; business object"
       isAbstract="false" artifactName="SP5AbsPartRevisionMasterCreI"/>
   <OperationInputType typeName="SP5AbsPartRevisionMasterSvAI" parentTypeName="Part Revision MasterSvAI"
       typeClassName="SP5AbsPartRevisionMasterSvAI" description="SaveAsInput object for &quot;SP5AbsPartRevisionMaster&quot; business object"
       isAbstract="false" artifactName="SP5AbsPartRevisionMasterSvAI"/>
   <OperationInputType typeName="SP5AbsPartRevisionRevI" parentTypeName="Part RevisionRevI"
       typeClassName="SP5AbsPartRevisionRevI" description="ReviseInput object for &quot;SP5AbsPartRevision&quot; business object"
       isAbstract="true" artifactName="SP5AbsPartRevisionRevI"/>
   <OperationInputType typeName="SP5AbsPartRevisionSvAI" parentTypeName="Part RevisionSvAI"
       typeClassName="SP5AbsPartRevisionSvAI" description="SaveAsInput object for &quot;SP5AbsPartRevision&quot; business object"
       isAbstract="true" artifactName="SP5AbsPartRevisionSvAI"/>
   <OperationInputType typeName="SP5AbsPartSvAI" parentTypeName="PartSvAI" typeClassName="SP5AbsPartSvAI"
       description="SaveAsInput object for &quot;SP5AbsPart&quot; business object"
       isAbstract="true" artifactName="SP5AbsPartSvAI"/>
   <OperationInputType typeName="SP5PartEngCreI" parentTypeName="SP5AbsPartCreI" typeClassName="SP5PartEngCreI"
       description="CreateInput object for &quot;SP5PartEng&quot; business object"
       isAbstract="false" artifactName="SP5PartEngCreI"/>
   <OperationInputType typeName="SP5PartEngMasterCreI" parentTypeName="SP5AbsPartMasterCreI"
       typeClassName="SP5PartEngMasterCreI" description="CreateInput object for &quot;SP5PartEngMaster&quot; business object"
       isAbstract="false" artifactName="SP5PartEngMasterCreI"/>
   <OperationInputType typeName="SP5PartEngMasterSCreI" parentTypeName="SP5AbsPartMasterSCreI"
       typeClassName="SP5PartEngMasterSCreI" description="CreateInput object for &quot;SP5PartEngMasterS&quot; business object"
       isAbstract="false" artifactName="SP5PartEngMasterSCreI"/>
   <OperationInputType typeName="SP5PartEngMasterSSvAI" parentTypeName="SP5AbsPartMasterSSvAI"
       typeClassName="SP5PartEngMasterSSvAI" description="SaveAsInput object for &quot;SP5PartEngMasterS&quot; business object"
       isAbstract="false" artifactName="SP5PartEngMasterSSvAI"/>
   <OperationInputType typeName="SP5PartEngMasterSvAI" parentTypeName="SP5AbsPartMasterSvAI"
       typeClassName="SP5PartEngMasterSvAI" description="SaveAsInput object for &quot;SP5PartEngMaster&quot; business object"
       isAbstract="false" artifactName="SP5PartEngMasterSvAI"/>
   <OperationInputType typeName="SP5PartEngRevMasterSCreI" parentTypeName="SP5AbsPartRevMasterSCreI"
       typeClassName="SP5PartEngRevMasterSCreI" description="CreateInput object for &quot;SP5PartEngRevMasterS&quot; business object"
       isAbstract="false" artifactName="SP5PartEngRevMasterSCreI"/>
   <OperationInputType typeName="SP5PartEngRevMasterSSvAI" parentTypeName="SP5AbsPartRevMasterSSvAI"
       typeClassName="SP5PartEngRevMasterSSvAI" description="SaveAsInput object for &quot;SP5PartEngRevMasterS&quot; business object"
       isAbstract="false" artifactName="SP5PartEngRevMasterSSvAI"/>
   <OperationInputType typeName="SP5PartEngRevisionCreI" parentTypeName="SP5AbsPartRevisionCreI"
       typeClassName="SP5PartEngRevisionCreI" description="CreateInput object for &quot;SP5PartEngRevision&quot; business object"
       isAbstract="false" artifactName="SP5PartEngRevisionCreI">
     <OperationInputProperty propName="sp5EngPartPropCLOV1" compoundObjectConstant=""
         srcPropName="sp5EngPartPropCLOV1" compoundObjectType="" fieldType="SimpleProperty"
         description=""/>
     <OperationInputProperty propName="sp5EngPartPropCLOV2" compoundObjectConstant=""
         srcPropName="sp5EngPartPropCLOV2" compoundObjectType="" fieldType="SimpleProperty"
         description=""/>
     <OperationInputProperty propName="sp5EngPartPropCLOV3" compoundObjectConstant=""
         srcPropName="sp5EngPartPropCLOV3" compoundObjectType="" fieldType="SimpleProperty"
         description=""/>
     <OperationInputProperty propName="sp5EngPartPropCLOV4" compoundObjectConstant=""
         srcPropName="sp5EngPartPropCLOV4" compoundObjectType="" fieldType="SimpleProperty"
         description=""/>
     <OperationInputProperty propName="sp5EngPartPropStr1" compoundObjectConstant=""
         srcPropName="sp5EngPartPropStr1" compoundObjectType="" fieldType="SimpleProperty"
         description=""/>
     <OperationInputProperty propName="sp5EngPartPropStr2" compoundObjectConstant=""
         srcPropName="sp5EngPartPropStr2" compoundObjectType="" fieldType="SimpleProperty"
         description=""/>
     <OperationInputProperty propName="sp5EngPartPropCLOV6" compoundObjectConstant=""
         srcPropName="sp5EngPartPropCLOV6" compoundObjectType="" fieldType="SimpleProperty"
         description=""/>
     <OperationInputProperty propName="sp5EngPartPropCLOV7" compoundObjectConstant=""
         srcPropName="sp5EngPartPropCLOV7" compoundObjectType="" fieldType="SimpleProperty"
         description=""/>
     <OperationInputProperty propName="sp5EngPartPropCLOV8" compoundObjectConstant=""
         srcPropName="sp5EngPartPropCLOV8" compoundObjectType="" fieldType="SimpleProperty"
         description=""/>
     <OperationInputProperty propName="sp5EngPartPropCLOV5" compoundObjectConstant=""
         srcPropName="sp5EngPartPropCLOV5" compoundObjectType="" fieldType="SimpleProperty"
         description=""/>
   </OperationInputType>
   <OperationInputType typeName="SP5PartEngRevisionMasterCreI" parentTypeName="SP5AbsPartRevisionMasterCreI"
       typeClassName="SP5PartEngRevisionMasterCreI" description="CreateInput object for &quot;SP5PartEngRevisionMaster&quot; business object"
       isAbstract="false" artifactName="SP5PartEngRevisionMasterCreI"/>
   <OperationInputType typeName="SP5PartEngRevisionMasterSvAI" parentTypeName="SP5AbsPartRevisionMasterSvAI"
       typeClassName="SP5PartEngRevisionMasterSvAI" description="SaveAsInput object for &quot;SP5PartEngRevisionMaster&quot; business object"
       isAbstract="false" artifactName="SP5PartEngRevisionMasterSvAI"/>
   <OperationInputType typeName="SP5PartEngRevisionRevI" parentTypeName="SP5AbsPartRevisionRevI"
       typeClassName="SP5PartEngRevisionRevI" description="ReviseInput object for &quot;SP5PartEngRevision&quot; business object"
       isAbstract="false" artifactName="SP5PartEngRevisionRevI"/>
   <OperationInputType typeName="SP5PartEngRevisionSvAI" parentTypeName="SP5AbsPartRevisionSvAI"
       typeClassName="SP5PartEngRevisionSvAI" description="SaveAsInput object for &quot;SP5PartEngRevision&quot; business object"
       isAbstract="false" artifactName="SP5PartEngRevisionSvAI"/>
   <OperationInputType typeName="SP5PartEngSvAI" parentTypeName="SP5AbsPartSvAI" typeClassName="SP5PartEngSvAI"
       description="SaveAsInput object for &quot;SP5PartEng&quot; business object"
       isAbstract="false" artifactName="SP5PartEngSvAI"/>
   <OperationInputType typeName="SP5PartMfgCreI" parentTypeName="SP5AbsPartCreI" typeClassName="SP5PartMfgCreI"
       description="CreateInput object for &quot;SP5PartMfg&quot; business object"
       isAbstract="false" artifactName="SP5PartMfgCreI"/>
   <OperationInputType typeName="SP5PartMfgMasterCreI" parentTypeName="SP5AbsPartMasterCreI"
       typeClassName="SP5PartMfgMasterCreI" description="CreateInput object for &quot;SP5PartMfgMaster&quot; business object"
       isAbstract="false" artifactName="SP5PartMfgMasterCreI"/>
   <OperationInputType typeName="SP5PartMfgMasterSCreI" parentTypeName="SP5AbsPartMasterSCreI"
       typeClassName="SP5PartMfgMasterSCreI" description="CreateInput object for &quot;SP5PartMfgMasterS&quot; business object"
       isAbstract="false" artifactName="SP5PartMfgMasterSCreI"/>
   <OperationInputType typeName="SP5PartMfgMasterSSvAI" parentTypeName="SP5AbsPartMasterSSvAI"
       typeClassName="SP5PartMfgMasterSSvAI" description="SaveAsInput object for &quot;SP5PartMfgMasterS&quot; business object"
       isAbstract="false" artifactName="SP5PartMfgMasterSSvAI"/>
   <OperationInputType typeName="SP5PartMfgMasterSvAI" parentTypeName="SP5AbsPartMasterSvAI"
       typeClassName="SP5PartMfgMasterSvAI" description="SaveAsInput object for &quot;SP5PartMfgMaster&quot; business object"
       isAbstract="false" artifactName="SP5PartMfgMasterSvAI"/>
   <OperationInputType typeName="SP5PartMfgRevMasterSCreI" parentTypeName="SP5AbsPartRevMasterSCreI"
       typeClassName="SP5PartMfgRevMasterSCreI" description="CreateInput object for &quot;SP5PartMfgRevMasterS&quot; business object"
       isAbstract="false" artifactName="SP5PartMfgRevMasterSCreI"/>
   <OperationInputType typeName="SP5PartMfgRevMasterSSvAI" parentTypeName="SP5AbsPartRevMasterSSvAI"
       typeClassName="SP5PartMfgRevMasterSSvAI" description="SaveAsInput object for &quot;SP5PartMfgRevMasterS&quot; business object"
       isAbstract="false" artifactName="SP5PartMfgRevMasterSSvAI"/>
   <OperationInputType typeName="SP5PartMfgRevisionCreI" parentTypeName="SP5AbsPartRevisionCreI"
       typeClassName="SP5PartMfgRevisionCreI" description="CreateInput object for &quot;SP5PartMfgRevision&quot; business object"
       isAbstract="false" artifactName="SP5PartMfgRevisionCreI"/>
   <OperationInputType typeName="SP5PartMfgRevisionMasterCreI" parentTypeName="SP5AbsPartRevisionMasterCreI"
       typeClassName="SP5PartMfgRevisionMasterCreI" description="CreateInput object for &quot;SP5PartMfgRevisionMaster&quot; business object"
       isAbstract="false" artifactName="SP5PartMfgRevisionMasterCreI"/>
   <OperationInputType typeName="SP5PartMfgRevisionMasterSvAI" parentTypeName="SP5AbsPartRevisionMasterSvAI"
       typeClassName="SP5PartMfgRevisionMasterSvAI" description="SaveAsInput object for &quot;SP5PartMfgRevisionMaster&quot; business object"
       isAbstract="false" artifactName="SP5PartMfgRevisionMasterSvAI"/>
   <OperationInputType typeName="SP5PartMfgRevisionRevI" parentTypeName="SP5AbsPartRevisionRevI"
       typeClassName="SP5PartMfgRevisionRevI" description="ReviseInput object for &quot;SP5PartMfgRevision&quot; business object"
       isAbstract="false" artifactName="SP5PartMfgRevisionRevI"/>
   <OperationInputType typeName="SP5PartMfgRevisionSvAI" parentTypeName="SP5AbsPartRevisionSvAI"
       typeClassName="SP5PartMfgRevisionSvAI" description="SaveAsInput object for &quot;SP5PartMfgRevision&quot; business object"
       isAbstract="false" artifactName="SP5PartMfgRevisionSvAI"/>
   <OperationInputType typeName="SP5PartMfgSvAI" parentTypeName="SP5AbsPartSvAI" typeClassName="SP5PartMfgSvAI"
       description="SaveAsInput object for &quot;SP5PartMfg&quot; business object"
       isAbstract="false" artifactName="SP5PartMfgSvAI"/>
   <TcForm typeName="SP5AbsPartMaster" parentTypeName="Part Master" typeClassName="Form"
       description="MasterForm object for &quot;SP5AbsPart&quot; business object"
       isAbstract="false" artifactName="SP5AbsPartMaster" functionality="SP5rimtc"
       formStorageClassName="SP5AbsPartMasterS"/>
   <TcForm typeName="SP5AbsPartRevisionMaster" parentTypeName="Part Revision Master"
       typeClassName="Form" description="MasterForm object for &quot;SP5AbsPartRevision&quot; business object"
       isAbstract="false" artifactName="SP5AbsPartRevisionMaster" functionality="SP5rimtc"
       formStorageClassName="SP5AbsPartRevMasterS"/>
   <TcForm typeName="SP5PartEngMaster" parentTypeName="SP5AbsPartMaster" typeClassName="Form"
       description="MasterForm object for &quot;SP5PartEng&quot; business object"
       isAbstract="false" artifactName="SP5PartEngMaster" functionality="SP5rimtc"
       formStorageClassName="SP5PartEngMasterS"/>
   <TcForm typeName="SP5PartEngRevisionMaster" parentTypeName="SP5AbsPartRevisionMaster"
       typeClassName="Form" description="MasterForm object for &quot;SP5PartEngRevision&quot; business object"
       isAbstract="false" artifactName="SP5PartEngRevisionMaster" functionality="SP5rimtc"
       formStorageClassName="SP5PartEngRevMasterS"/>
   <TcForm typeName="SP5PartMfgMaster" parentTypeName="SP5AbsPartMaster" typeClassName="Form"
       description="MasterForm object for &quot;SP5PartMfg&quot; business object"
       isAbstract="false" artifactName="SP5PartMfgMaster" functionality="SP5rimtc"
       formStorageClassName="SP5PartMfgMasterS"/>
   <TcForm typeName="SP5PartMfgRevisionMaster" parentTypeName="SP5AbsPartRevisionMaster"
       typeClassName="Form" description="MasterForm object for &quot;SP5PartMfgRevision&quot; business object"
       isAbstract="false" artifactName="SP5PartMfgRevisionMaster" functionality="SP5rimtc"
       formStorageClassName="SP5PartMfgRevMasterS"/>
   <TcStandardType typeName="SP5AbsPart" parentTypeName="Part" typeClassName="SP5AbsPart"
       description="" isAbstract="true" artifactName="SP5AbsPart" functionality="SP5rimtc"/>
   <TcStandardType typeName="SP5AbsPartMasterS" parentTypeName="PartMaster" typeClassName="SP5AbsPartMasterS"
       description="Form Storage object for &quot;SP5AbsPartMaster&quot; business object"
       isAbstract="false" artifactName="SP5AbsPartMasterS" functionality="SP5rimtc"/>
   <TcStandardType typeName="SP5AbsPartRevMasterS" parentTypeName="PartVerMaster"
       typeClassName="SP5AbsPartRevMasterS" description="Form Storage object for &quot;SP5AbsPartRevMaster&quot; business object"
       isAbstract="false" artifactName="SP5AbsPartRevMasterS" functionality="SP5rimtc"/>
   <TcStandardType typeName="SP5AbsPartRevision" parentTypeName="Part Revision" typeClassName="SP5AbsPartRevision"
       description="ItemRevision object for &quot;SP5AbsPart&quot;  business object"
       isAbstract="true" artifactName="SP5AbsPartRevision" functionality="SP5rimtc"/>
   <TcStandardType typeName="SP5PartEng" parentTypeName="SP5AbsPart" typeClassName="SP5PartEng"
       description="" isAbstract="false" artifactName="SP5PartEng" functionality="SP5rimtc"/>
   <TcStandardType typeName="SP5PartEngMasterS" parentTypeName="SP5AbsPartMasterS"
       typeClassName="SP5PartEngMasterS" description="Form Storage object for &quot;SP5PartEngMaster&quot; business object"
       isAbstract="false" artifactName="SP5PartEngMasterS" functionality="SP5rimtc"/>
   <TcStandardType typeName="SP5PartEngRevMasterS" parentTypeName="SP5AbsPartRevMasterS"
       typeClassName="SP5PartEngRevMasterS" description="Form Storage object for &quot;SP5PartEngRevMaster&quot; business object"
       isAbstract="false" artifactName="SP5PartEngRevMasterS" functionality="SP5rimtc"/>
   <TcStandardType typeName="SP5PartEngRevision" parentTypeName="SP5AbsPartRevision"
       typeClassName="SP5PartEngRevision" description="ItemRevision object for &quot;SP5PartEng&quot;  business object"
       isAbstract="false" artifactName="SP5PartEngRevision" functionality="SP5rimtc"/>
   <TcStandardType typeName="SP5PartMfg" parentTypeName="SP5AbsPart" typeClassName="SP5PartMfg"
       description="" isAbstract="false" artifactName="SP5PartMfg" functionality="SP5rimtc"/>
   <TcStandardType typeName="SP5PartMfgMasterS" parentTypeName="SP5AbsPartMasterS"
       typeClassName="SP5PartMfgMasterS" description="Form Storage object for &quot;SP5PartMfgMaster&quot; business object"
       isAbstract="false" artifactName="SP5PartMfgMasterS" functionality="SP5rimtc"/>
   <TcStandardType typeName="SP5PartMfgRevMasterS" parentTypeName="SP5AbsPartRevMasterS"
       typeClassName="SP5PartMfgRevMasterS" description="Form Storage object for &quot;SP5PartMfgRevMaster&quot; business object"
       isAbstract="false" artifactName="SP5PartMfgRevMasterS" functionality="SP5rimtc"/>
   <TcStandardType typeName="SP5PartMfgRevision" parentTypeName="SP5AbsPartRevision"
       typeClassName="SP5PartMfgRevision" description="ItemRevision object for &quot;SP5PartMfg&quot;  business object"
       isAbstract="false" artifactName="SP5PartMfgRevision" functionality="SP5rimtc"/>
   <TcTypeConstantAttach constantName="CreateInput" typeName="SP5AbsPart" value="SP5AbsPartCreI"/>
   <TcTypeConstantAttach constantName="CreateInput" typeName="SP5AbsPartMaster" value="SP5AbsPartMasterCreI"/>
   <TcTypeConstantAttach constantName="CreateInput" typeName="SP5AbsPartMasterS" value="SP5AbsPartMasterSCreI"/>
   <TcTypeConstantAttach constantName="CreateInput" typeName="SP5AbsPartRevision"
       value="SP5AbsPartRevisionCreI"/>
   <TcTypeConstantAttach constantName="CreateInput" typeName="SP5AbsPartRevisionMaster"
       value="SP5AbsPartRevisionMasterCreI"/>
   <TcTypeConstantAttach constantName="CreateInput" typeName="SP5AbsPartRevMasterS"
       value="SP5AbsPartRevMasterSCreI"/>
   <TcTypeConstantAttach constantName="CreateInput" typeName="SP5PartEng" value="SP5PartEngCreI"/>
   <TcTypeConstantAttach constantName="CreateInput" typeName="SP5PartEngMaster" value="SP5PartEngMasterCreI"/>
   <TcTypeConstantAttach constantName="CreateInput" typeName="SP5PartEngMasterS" value="SP5PartEngMasterSCreI"/>
   <TcTypeConstantAttach constantName="CreateInput" typeName="SP5PartEngRevision"
       value="SP5PartEngRevisionCreI"/>
   <TcTypeConstantAttach constantName="CreateInput" typeName="SP5PartEngRevisionMaster"
       value="SP5PartEngRevisionMasterCreI"/>
   <TcTypeConstantAttach constantName="CreateInput" typeName="SP5PartEngRevMasterS"
       value="SP5PartEngRevMasterSCreI"/>
   <TcTypeConstantAttach constantName="CreateInput" typeName="SP5PartMfg" value="SP5PartMfgCreI"/>
   <TcTypeConstantAttach constantName="CreateInput" typeName="SP5PartMfgMaster" value="SP5PartMfgMasterCreI"/>
   <TcTypeConstantAttach constantName="CreateInput" typeName="SP5PartMfgMasterS" value="SP5PartMfgMasterSCreI"/>
   <TcTypeConstantAttach constantName="CreateInput" typeName="SP5PartMfgRevision"
       value="SP5PartMfgRevisionCreI"/>
   <TcTypeConstantAttach constantName="CreateInput" typeName="SP5PartMfgRevisionMaster"
       value="SP5PartMfgRevisionMasterCreI"/>
   <TcTypeConstantAttach constantName="CreateInput" typeName="SP5PartMfgRevMasterS"
       value="SP5PartMfgRevMasterSCreI"/>
   <TcTypeConstantAttach constantName="ItemRevision" typeName="SP5AbsPart" value="SP5AbsPartRevision"/>
   <TcTypeConstantAttach constantName="ItemRevision" typeName="SP5PartEng" value="SP5PartEngRevision"/>
   <TcTypeConstantAttach constantName="ItemRevision" typeName="SP5PartMfg" value="SP5PartMfgRevision"/>
   <TcTypeConstantAttach constantName="MasterForm" typeName="SP5AbsPart" value="SP5AbsPartMaster"/>
   <TcTypeConstantAttach constantName="MasterForm" typeName="SP5AbsPartRevision" value="SP5AbsPartRevisionMaster"/>
   <TcTypeConstantAttach constantName="MasterForm" typeName="SP5PartEng" value="SP5PartEngMaster"/>
   <TcTypeConstantAttach constantName="MasterForm" typeName="SP5PartEngRevision" value="SP5PartEngRevisionMaster"/>
   <TcTypeConstantAttach constantName="MasterForm" typeName="SP5PartMfg" value="SP5PartMfgMaster"/>
   <TcTypeConstantAttach constantName="MasterForm" typeName="SP5PartMfgRevision" value="SP5PartMfgRevisionMaster"/>
   <TcTypeConstantAttach constantName="ReviseInput" typeName="SP5AbsPartRevision"
       value="SP5AbsPartRevisionRevI"/>
   <TcTypeConstantAttach constantName="ReviseInput" typeName="SP5PartEngRevision"
       value="SP5PartEngRevisionRevI"/>
   <TcTypeConstantAttach constantName="ReviseInput" typeName="SP5PartMfgRevision"
       value="SP5PartMfgRevisionRevI"/>
   <TcTypeConstantAttach constantName="SaveAsInput" typeName="SP5AbsPart" value="SP5AbsPartSvAI"/>
   <TcTypeConstantAttach constantName="SaveAsInput" typeName="SP5AbsPartMaster" value="SP5AbsPartMasterSvAI"/>
   <TcTypeConstantAttach constantName="SaveAsInput" typeName="SP5AbsPartMasterS" value="SP5AbsPartMasterSSvAI"/>
   <TcTypeConstantAttach constantName="SaveAsInput" typeName="SP5AbsPartRevision"
       value="SP5AbsPartRevisionSvAI"/>
   <TcTypeConstantAttach constantName="SaveAsInput" typeName="SP5AbsPartRevisionMaster"
       value="SP5AbsPartRevisionMasterSvAI"/>
   <TcTypeConstantAttach constantName="SaveAsInput" typeName="SP5AbsPartRevMasterS"
       value="SP5AbsPartRevMasterSSvAI"/>
   <TcTypeConstantAttach constantName="SaveAsInput" typeName="SP5PartEng" value="SP5PartEngSvAI"/>
   <TcTypeConstantAttach constantName="SaveAsInput" typeName="SP5PartEngMaster" value="SP5PartEngMasterSvAI"/>
   <TcTypeConstantAttach constantName="SaveAsInput" typeName="SP5PartEngMasterS" value="SP5PartEngMasterSSvAI"/>
   <TcTypeConstantAttach constantName="SaveAsInput" typeName="SP5PartEngRevision"
       value="SP5PartEngRevisionSvAI"/>
   <TcTypeConstantAttach constantName="SaveAsInput" typeName="SP5PartEngRevisionMaster"
       value="SP5PartEngRevisionMasterSvAI"/>
   <TcTypeConstantAttach constantName="SaveAsInput" typeName="SP5PartEngRevMasterS"
       value="SP5PartEngRevMasterSSvAI"/>
   <TcTypeConstantAttach constantName="SaveAsInput" typeName="SP5PartMfg" value="SP5PartMfgSvAI"/>
   <TcTypeConstantAttach constantName="SaveAsInput" typeName="SP5PartMfgMaster" value="SP5PartMfgMasterSvAI"/>
   <TcTypeConstantAttach constantName="SaveAsInput" typeName="SP5PartMfgMasterS" value="SP5PartMfgMasterSSvAI"/>
   <TcTypeConstantAttach constantName="SaveAsInput" typeName="SP5PartMfgRevision"
       value="SP5PartMfgRevisionSvAI"/>
   <TcTypeConstantAttach constantName="SaveAsInput" typeName="SP5PartMfgRevisionMaster"
       value="SP5PartMfgRevisionMasterSvAI"/>
   <TcTypeConstantAttach constantName="SaveAsInput" typeName="SP5PartMfgRevMasterS"
       value="SP5PartMfgRevMasterSSvAI"/>
   <TcPropertyConstantAttach constantName="Awp0SearchCanFilter" typeName="SP5AbsPartRevision"
       propertyName="sp5AbsPartPropCLOV1" value="true"/>
   <TcPropertyConstantAttach constantName="Awp0SearchCanFilter" typeName="SP5AbsPartRevision"
       propertyName="sp5AbsPartPropCLOV2" value="true"/>
   <TcPropertyConstantAttach constantName="Awp0SearchCanFilter" typeName="SP5AbsPartRevision"
       propertyName="sp5AbsPartPropCLOV3" value="true"/>
   <TcPropertyConstantAttach constantName="Awp0SearchCanFilter" typeName="SP5AbsPartRevision"
       propertyName="sp5AbsPartPropCLOV4" value="true"/>
   <TcPropertyConstantAttach constantName="Awp0SearchCanFilter" typeName="SP5AbsPartRevision"
       propertyName="sp5AbsPartPropCLOV5" value="true"/>
   <TcPropertyConstantAttach constantName="Awp0SearchCanFilter" typeName="SP5AbsPartRevision"
       propertyName="sp5AbsPartPropInt1" value="true"/>
   <TcPropertyConstantAttach constantName="Awp0SearchCanFilter" typeName="SP5AbsPartRevision"
       propertyName="sp5AbsPartPropLStr1" value="true"/>
   <TcPropertyConstantAttach constantName="Awp0SearchCanFilter" typeName="SP5AbsPartRevision"
       propertyName="sp5AbsPartPropStr8" value="true"/>
   <TcPropertyConstantAttach constantName="Awp0SearchCanFilter" typeName="SP5AbsPartRevision"
       propertyName="sp5AbsPartPropStr9" value="true"/>
   <TcPropertyConstantAttach constantName="Awp0SearchCanFilter" typeName="SP5PartEngRevision"
       propertyName="sp5EngPartPropCLOV1" value="true"/>
   <TcPropertyConstantAttach constantName="Awp0SearchCanFilter" typeName="SP5PartEngRevision"
       propertyName="sp5EngPartPropCLOV2" value="true"/>
   <TcPropertyConstantAttach constantName="Awp0SearchCanFilter" typeName="SP5PartEngRevision"
       propertyName="sp5EngPartPropCLOV3" value="true"/>
   <TcPropertyConstantAttach constantName="Awp0SearchCanFilter" typeName="SP5PartEngRevision"
       propertyName="sp5EngPartPropCLOV4" value="true"/>
   <TcPropertyConstantAttach constantName="Awp0SearchCanFilter" typeName="SP5PartEngRevision"
       propertyName="sp5EngPartPropCLOV6" value="true"/>
   <TcPropertyConstantAttach constantName="Awp0SearchCanFilter" typeName="SP5PartEngRevision"
       propertyName="sp5EngPartPropCLOV7" value="true"/>
   <TcPropertyConstantAttach constantName="Awp0SearchCanFilter" typeName="SP5PartEngRevision"
       propertyName="sp5EngPartPropCLOV8" value="true"/>
   <TcPropertyConstantAttach constantName="Awp0SearchCanFilter" typeName="SP5PartEngRevision"
       propertyName="sp5EngPartPropStr1" value="true"/>
   <TcPropertyConstantAttach constantName="Awp0SearchCanFilter" typeName="SP5PartEngRevision"
       propertyName="sp5EngPartPropStr2" value="true"/>
   <TcPropertyConstantAttach constantName="Awp0SearchIsIndexed" typeName="SP5AbsPartRevision"
       propertyName="sp5AbsPartPropCLOV1" value="true"/>
   <TcPropertyConstantAttach constantName="Awp0SearchIsIndexed" typeName="SP5AbsPartRevision"
       propertyName="sp5AbsPartPropCLOV2" value="true"/>
   <TcPropertyConstantAttach constantName="Awp0SearchIsIndexed" typeName="SP5AbsPartRevision"
       propertyName="sp5AbsPartPropCLOV3" value="true"/>
   <TcPropertyConstantAttach constantName="Awp0SearchIsIndexed" typeName="SP5AbsPartRevision"
       propertyName="sp5AbsPartPropCLOV4" value="true"/>
   <TcPropertyConstantAttach constantName="Awp0SearchIsIndexed" typeName="SP5AbsPartRevision"
       propertyName="sp5AbsPartPropCLOV5" value="true"/>
   <TcPropertyConstantAttach constantName="Awp0SearchIsIndexed" typeName="SP5AbsPartRevision"
       propertyName="sp5AbsPartPropInt1" value="true"/>
   <TcPropertyConstantAttach constantName="Awp0SearchIsIndexed" typeName="SP5AbsPartRevision"
       propertyName="sp5AbsPartPropLStr1" value="true"/>
   <TcPropertyConstantAttach constantName="Awp0SearchIsIndexed" typeName="SP5AbsPartRevision"
       propertyName="sp5AbsPartPropStr8" value="true"/>
   <TcPropertyConstantAttach constantName="Awp0SearchIsIndexed" typeName="SP5AbsPartRevision"
       propertyName="sp5AbsPartPropStr9" value="true"/>
   <TcPropertyConstantAttach constantName="Awp0SearchIsIndexed" typeName="SP5PartEngRevision"
       propertyName="sp5EngPartPropCLOV1" value="true"/>
   <TcPropertyConstantAttach constantName="Awp0SearchIsIndexed" typeName="SP5PartEngRevision"
       propertyName="sp5EngPartPropCLOV2" value="true"/>
   <TcPropertyConstantAttach constantName="Awp0SearchIsIndexed" typeName="SP5PartEngRevision"
       propertyName="sp5EngPartPropCLOV3" value="true"/>
   <TcPropertyConstantAttach constantName="Awp0SearchIsIndexed" typeName="SP5PartEngRevision"
       propertyName="sp5EngPartPropCLOV4" value="true"/>
   <TcPropertyConstantAttach constantName="Awp0SearchIsIndexed" typeName="SP5PartEngRevision"
       propertyName="sp5EngPartPropCLOV6" value="true"/>
   <TcPropertyConstantAttach constantName="Awp0SearchIsIndexed" typeName="SP5PartEngRevision"
       propertyName="sp5EngPartPropCLOV7" value="true"/>
   <TcPropertyConstantAttach constantName="Awp0SearchIsIndexed" typeName="SP5PartEngRevision"
       propertyName="sp5EngPartPropCLOV8" value="true"/>
   <TcPropertyConstantAttach constantName="Awp0SearchIsIndexed" typeName="SP5PartEngRevision"
       propertyName="sp5EngPartPropStr1" value="true"/>
   <TcPropertyConstantAttach constantName="Awp0SearchIsIndexed" typeName="SP5PartEngRevision"
       propertyName="sp5EngPartPropStr2" value="true"/>
   <TcPropertyConstantAttach constantName="Enabled" typeName="SP5AbsPartRevision"
       propertyName="sp5AbsPartPropCLOV1" value="true"/>
   <TcPropertyConstantAttach constantName="Enabled" typeName="SP5AbsPartRevision"
       propertyName="sp5AbsPartPropCLOV2" value="true"/>
   <TcPropertyConstantAttach constantName="Enabled" typeName="SP5AbsPartRevision"
       propertyName="sp5AbsPartPropCLOV3" value="true"/>
   <TcPropertyConstantAttach constantName="Enabled" typeName="SP5AbsPartRevision"
       propertyName="sp5AbsPartPropCLOV4" value="true"/>
   <TcPropertyConstantAttach constantName="Enabled" typeName="SP5AbsPartRevision"
       propertyName="sp5AbsPartPropCLOV5" value="true"/>
   <TcPropertyConstantAttach constantName="Enabled" typeName="SP5AbsPartRevision"
       propertyName="sp5AbsPartPropDate1" value="true"/>
   <TcPropertyConstantAttach constantName="Enabled" typeName="SP5AbsPartRevision"
       propertyName="sp5AbsPartPropDate2" value="true"/>
   <TcPropertyConstantAttach constantName="Enabled" typeName="SP5AbsPartRevision"
       propertyName="sp5AbsPartPropDate3" value="true"/>
   <TcPropertyConstantAttach constantName="Enabled" typeName="SP5AbsPartRevision"
       propertyName="sp5AbsPartPropDate4" value="true"/>
   <TcPropertyConstantAttach constantName="Enabled" typeName="SP5AbsPartRevision"
       propertyName="sp5AbsPartPropDate5" value="true"/>
   <TcPropertyConstantAttach constantName="Enabled" typeName="SP5AbsPartRevision"
       propertyName="sp5AbsPartPropDbl1" value="true"/>
   <TcPropertyConstantAttach constantName="Enabled" typeName="SP5AbsPartRevision"
       propertyName="sp5AbsPartPropDbl2" value="true"/>
   <TcPropertyConstantAttach constantName="Enabled" typeName="SP5AbsPartRevision"
       propertyName="sp5AbsPartPropDbl3" value="true"/>
   <TcPropertyConstantAttach constantName="Enabled" typeName="SP5AbsPartRevision"
       propertyName="sp5AbsPartPropDbl4" value="true"/>
   <TcPropertyConstantAttach constantName="Enabled" typeName="SP5AbsPartRevision"
       propertyName="sp5AbsPartPropDbl5" value="true"/>
   <TcPropertyConstantAttach constantName="Enabled" typeName="SP5AbsPartRevision"
       propertyName="sp5AbsPartPropDLOV1" value="true"/>
   <TcPropertyConstantAttach constantName="Enabled" typeName="SP5AbsPartRevision"
       propertyName="sp5AbsPartPropDLOV2" value="true"/>
   <TcPropertyConstantAttach constantName="Enabled" typeName="SP5AbsPartRevision"
       propertyName="sp5AbsPartPropInt1" value="true"/>
   <TcPropertyConstantAttach constantName="Enabled" typeName="SP5AbsPartRevision"
       propertyName="sp5AbsPartPropInt2" value="true"/>
   <TcPropertyConstantAttach constantName="Enabled" typeName="SP5AbsPartRevision"
       propertyName="sp5AbsPartPropInt3" value="true"/>
   <TcPropertyConstantAttach constantName="Enabled" typeName="SP5AbsPartRevision"
       propertyName="sp5AbsPartPropInt4" value="true"/>
   <TcPropertyConstantAttach constantName="Enabled" typeName="SP5AbsPartRevision"
       propertyName="sp5AbsPartPropInt5" value="true"/>
   <TcPropertyConstantAttach constantName="Enabled" typeName="SP5AbsPartRevision"
       propertyName="sp5AbsPartPropLStr1" value="true"/>
   <TcPropertyConstantAttach constantName="Enabled" typeName="SP5AbsPartRevision"
       propertyName="sp5AbsPartPropStr1" value="true"/>
   <TcPropertyConstantAttach constantName="Enabled" typeName="SP5AbsPartRevision"
       propertyName="sp5AbsPartPropStr10" value="true"/>
   <TcPropertyConstantAttach constantName="Enabled" typeName="SP5AbsPartRevision"
       propertyName="sp5AbsPartPropStr2" value="true"/>
   <TcPropertyConstantAttach constantName="Enabled" typeName="SP5AbsPartRevision"
       propertyName="sp5AbsPartPropStr3" value="true"/>
   <TcPropertyConstantAttach constantName="Enabled" typeName="SP5AbsPartRevision"
       propertyName="sp5AbsPartPropStr4" value="true"/>
   <TcPropertyConstantAttach constantName="Enabled" typeName="SP5AbsPartRevision"
       propertyName="sp5AbsPartPropStr5" value="true"/>
   <TcPropertyConstantAttach constantName="Enabled" typeName="SP5AbsPartRevision"
       propertyName="sp5AbsPartPropStr6" value="true"/>
   <TcPropertyConstantAttach constantName="Enabled" typeName="SP5AbsPartRevision"
       propertyName="sp5AbsPartPropStr7" value="true"/>
   <TcPropertyConstantAttach constantName="Enabled" typeName="SP5AbsPartRevision"
       propertyName="sp5AbsPartPropStr8" value="true"/>
   <TcPropertyConstantAttach constantName="Enabled" typeName="SP5AbsPartRevision"
       propertyName="sp5AbsPartPropStr9" value="true"/>
   <TcPropertyConstantAttach constantName="Enabled" typeName="SP5PartEngRevision"
       propertyName="sp5EngPartPropCLOV1" value="true"/>
   <TcPropertyConstantAttach constantName="Enabled" typeName="SP5PartEngRevision"
       propertyName="sp5EngPartPropCLOV2" value="true"/>
   <TcPropertyConstantAttach constantName="Enabled" typeName="SP5PartEngRevision"
       propertyName="sp5EngPartPropCLOV3" value="true"/>
   <TcPropertyConstantAttach constantName="Enabled" typeName="SP5PartEngRevision"
       propertyName="sp5EngPartPropCLOV4" value="true"/>
   <TcPropertyConstantAttach constantName="Enabled" typeName="SP5PartEngRevision"
       propertyName="sp5EngPartPropCLOV6" value="true"/>
   <TcPropertyConstantAttach constantName="Enabled" typeName="SP5PartEngRevision"
       propertyName="sp5EngPartPropCLOV7" value="true"/>
   <TcPropertyConstantAttach constantName="Enabled" typeName="SP5PartEngRevision"
       propertyName="sp5EngPartPropCLOV8" value="true"/>
   <TcPropertyConstantAttach constantName="Enabled" typeName="SP5PartEngRevision"
       propertyName="sp5EngPartPropStr1" value="true"/>
   <TcPropertyConstantAttach constantName="Enabled" typeName="SP5PartEngRevision"
       propertyName="sp5EngPartPropStr2" value="true"/>
   <TcPropertyConstantAttach constantName="Modifiable" typeName="SP5AbsPartRevision"
       propertyName="sp5AbsPartPropCLOV1" value="Write"/>
   <TcPropertyConstantAttach constantName="Modifiable" typeName="SP5AbsPartRevision"
       propertyName="sp5AbsPartPropCLOV2" value="Write"/>
   <TcPropertyConstantAttach constantName="Modifiable" typeName="SP5AbsPartRevision"
       propertyName="sp5AbsPartPropCLOV3" value="Write"/>
   <TcPropertyConstantAttach constantName="Modifiable" typeName="SP5AbsPartRevision"
       propertyName="sp5AbsPartPropCLOV4" value="Write"/>
   <TcPropertyConstantAttach constantName="Modifiable" typeName="SP5AbsPartRevision"
       propertyName="sp5AbsPartPropCLOV5" value="Write"/>
   <TcPropertyConstantAttach constantName="Modifiable" typeName="SP5AbsPartRevision"
       propertyName="sp5AbsPartPropDate1" value="Write"/>
   <TcPropertyConstantAttach constantName="Modifiable" typeName="SP5AbsPartRevision"
       propertyName="sp5AbsPartPropDate2" value="Write"/>
   <TcPropertyConstantAttach constantName="Modifiable" typeName="SP5AbsPartRevision"
       propertyName="sp5AbsPartPropDate3" value="Write"/>
   <TcPropertyConstantAttach constantName="Modifiable" typeName="SP5AbsPartRevision"
       propertyName="sp5AbsPartPropDate4" value="Write"/>
   <TcPropertyConstantAttach constantName="Modifiable" typeName="SP5AbsPartRevision"
       propertyName="sp5AbsPartPropDate5" value="Write"/>
   <TcPropertyConstantAttach constantName="Modifiable" typeName="SP5AbsPartRevision"
       propertyName="sp5AbsPartPropDbl1" value="Write"/>
   <TcPropertyConstantAttach constantName="Modifiable" typeName="SP5AbsPartRevision"
       propertyName="sp5AbsPartPropDbl2" value="Write"/>
   <TcPropertyConstantAttach constantName="Modifiable" typeName="SP5AbsPartRevision"
       propertyName="sp5AbsPartPropDbl3" value="Write"/>
   <TcPropertyConstantAttach constantName="Modifiable" typeName="SP5AbsPartRevision"
       propertyName="sp5AbsPartPropDbl4" value="Write"/>
   <TcPropertyConstantAttach constantName="Modifiable" typeName="SP5AbsPartRevision"
       propertyName="sp5AbsPartPropDbl5" value="Write"/>
   <TcPropertyConstantAttach constantName="Modifiable" typeName="SP5AbsPartRevision"
       propertyName="sp5AbsPartPropDLOV1" value="Write"/>
   <TcPropertyConstantAttach constantName="Modifiable" typeName="SP5AbsPartRevision"
       propertyName="sp5AbsPartPropDLOV2" value="Write"/>
   <TcPropertyConstantAttach constantName="Modifiable" typeName="SP5AbsPartRevision"
       propertyName="sp5AbsPartPropInt1" value="Write"/>
   <TcPropertyConstantAttach constantName="Modifiable" typeName="SP5AbsPartRevision"
       propertyName="sp5AbsPartPropInt2" value="Write"/>
   <TcPropertyConstantAttach constantName="Modifiable" typeName="SP5AbsPartRevision"
       propertyName="sp5AbsPartPropInt3" value="Write"/>
   <TcPropertyConstantAttach constantName="Modifiable" typeName="SP5AbsPartRevision"
       propertyName="sp5AbsPartPropInt4" value="Write"/>
   <TcPropertyConstantAttach constantName="Modifiable" typeName="SP5AbsPartRevision"
       propertyName="sp5AbsPartPropInt5" value="Write"/>
   <TcPropertyConstantAttach constantName="Modifiable" typeName="SP5AbsPartRevision"
       propertyName="sp5AbsPartPropLStr1" value="Write"/>
   <TcPropertyConstantAttach constantName="Modifiable" typeName="SP5AbsPartRevision"
       propertyName="sp5AbsPartPropStr1" value="Write"/>
   <TcPropertyConstantAttach constantName="Modifiable" typeName="SP5AbsPartRevision"
       propertyName="sp5AbsPartPropStr10" value="Write"/>
   <TcPropertyConstantAttach constantName="Modifiable" typeName="SP5AbsPartRevision"
       propertyName="sp5AbsPartPropStr2" value="Write"/>
   <TcPropertyConstantAttach constantName="Modifiable" typeName="SP5AbsPartRevision"
       propertyName="sp5AbsPartPropStr3" value="Write"/>
   <TcPropertyConstantAttach constantName="Modifiable" typeName="SP5AbsPartRevision"
       propertyName="sp5AbsPartPropStr4" value="Write"/>
   <TcPropertyConstantAttach constantName="Modifiable" typeName="SP5AbsPartRevision"
       propertyName="sp5AbsPartPropStr5" value="Write"/>
   <TcPropertyConstantAttach constantName="Modifiable" typeName="SP5AbsPartRevision"
       propertyName="sp5AbsPartPropStr6" value="Write"/>
   <TcPropertyConstantAttach constantName="Modifiable" typeName="SP5AbsPartRevision"
       propertyName="sp5AbsPartPropStr7" value="Write"/>
   <TcPropertyConstantAttach constantName="Modifiable" typeName="SP5AbsPartRevision"
       propertyName="sp5AbsPartPropStr8" value="Write"/>
   <TcPropertyConstantAttach constantName="Modifiable" typeName="SP5AbsPartRevision"
       propertyName="sp5AbsPartPropStr9" value="Write"/>
   <TcPropertyConstantAttach constantName="Modifiable" typeName="SP5PartEngRevision"
       propertyName="sp5EngPartPropCLOV1" value="Write"/>
   <TcPropertyConstantAttach constantName="Modifiable" typeName="SP5PartEngRevision"
       propertyName="sp5EngPartPropCLOV2" value="Write"/>
   <TcPropertyConstantAttach constantName="Modifiable" typeName="SP5PartEngRevision"
       propertyName="sp5EngPartPropCLOV3" value="Write"/>
   <TcPropertyConstantAttach constantName="Modifiable" typeName="SP5PartEngRevision"
       propertyName="sp5EngPartPropCLOV4" value="Write"/>
   <TcPropertyConstantAttach constantName="Modifiable" typeName="SP5PartEngRevision"
       propertyName="sp5EngPartPropCLOV6" value="Write"/>
   <TcPropertyConstantAttach constantName="Modifiable" typeName="SP5PartEngRevision"
       propertyName="sp5EngPartPropCLOV7" value="Write"/>
   <TcPropertyConstantAttach constantName="Modifiable" typeName="SP5PartEngRevision"
       propertyName="sp5EngPartPropCLOV8" value="Write"/>
   <TcPropertyConstantAttach constantName="Modifiable" typeName="SP5PartEngRevision"
       propertyName="sp5EngPartPropStr1" value="Write"/>
   <TcPropertyConstantAttach constantName="Modifiable" typeName="SP5PartEngRevision"
       propertyName="sp5EngPartPropStr2" value="Write"/>
   <TcLOVAttach lovName="SP5AbsDesPropCLOV1" typeName="SP5PartEngRevision">
     <TcLOVAttachPropertyInfo valuePropertyName="sp5EngPartPropCLOV4" conditionName="isTrue"
         override="false" level="0"/>
   </TcLOVAttach>
   <TcLOVAttach lovName="SP5AbsDesPropCLOV3" typeName="SP5PartEngRevision">
     <TcLOVAttachPropertyInfo valuePropertyName="sp5EngPartPropCLOV6" conditionName="isTrue"
         override="false" level="0"/>
   </TcLOVAttach>
   <TcLOVAttach lovName="SP5AbsDesPropCLOV5" typeName="SP5AbsPartRevision">
     <TcLOVAttachPropertyInfo valuePropertyName="sp5AbsPartPropStr7" conditionName="isTrue"
         override="false" level="0"/>
   </TcLOVAttach>
   <TcLOVAttach lovName="SP5AbsPartPropCLOV1" typeName="SP5AbsPartRevision">
     <TcLOVAttachPropertyInfo valuePropertyName="sp5AbsPartPropCLOV1" conditionName="isTrue"
         override="false" level="0"/>
   </TcLOVAttach>
   <TcLOVAttach lovName="SP5AbsPartPropCLOV2" typeName="SP5AbsPartRevision">
     <TcLOVAttachPropertyInfo valuePropertyName="sp5AbsPartPropCLOV2" conditionName="isTrue"
         override="false" level="0"/>
   </TcLOVAttach>
   <TcLOVAttach lovName="SP5AbsPartPropCLOV3" typeName="SP5AbsPartRevision">
     <TcLOVAttachPropertyInfo valuePropertyName="sp5AbsPartPropCLOV3" conditionName="isTrue"
         override="false" level="0"/>
   </TcLOVAttach>
   <TcLOVAttach lovName="SP5AbsPartPropCLOV4" typeName="SP5AbsPartRevision">
     <TcLOVAttachPropertyInfo valuePropertyName="sp5AbsPartPropCLOV4" conditionName="isTrue"
         override="false" level="0"/>
   </TcLOVAttach>
   <TcLOVAttach lovName="SP5AbsPartPropCLOV5" typeName="SP5AbsPartRevision">
     <TcLOVAttachPropertyInfo valuePropertyName="sp5AbsPartPropCLOV5" conditionName="isTrue"
         override="false" level="0"/>
   </TcLOVAttach>
   <TcLOVAttach lovName="SP5AbsPartPropDLOV1" typeName="SP5AbsPartRevision">
     <TcLOVAttachPropertyInfo valuePropertyName="sp5AbsPartPropDLOV1" conditionName="isTrue"
         override="false" level="0"/>
   </TcLOVAttach>
   <TcLOVAttach lovName="SP5AbsPartPropDLOV2" typeName="SP5AbsPartRevision">
     <TcLOVAttachPropertyInfo valuePropertyName="sp5AbsPartPropDLOV2" conditionName="isTrue"
         override="false" level="0"/>
   </TcLOVAttach>
   <TcLOVAttach lovName="SP5EngPartPropCLOV12" typeName="SP5PartEngRevision">
     <TcLOVAttachPropertyInfo valuePropertyName="sp5EngPartPropStr1" conditionName="isTrue"
         override="false" level="0"/>
   </TcLOVAttach>
   <TcLOVAttach lovName="SP5EngPartPropCLOV3" typeName="SP5AbsPartRevision">
     <TcLOVAttachPropertyInfo valuePropertyName="sp5AbsPartPropStr5" conditionName="isTrue"
         override="false" level="0"/>
   </TcLOVAttach>
   <TcLOVAttach lovName="SP5EngPartPropCLOV4" typeName="SP5PartEngRevision">
     <TcLOVAttachPropertyInfo valuePropertyName="sp5EngPartPropCLOV8" conditionName="isTrue"
         override="false" level="0"/>
   </TcLOVAttach>
   <TcLOVAttach lovName="SP5EngPartPropCLOV6" typeName="SP5PartEngRevision">
     <TcLOVAttachPropertyInfo valuePropertyName="sp5EngPartPropStr2" conditionName="isTrue"
         override="false" level="0"/>
   </TcLOVAttach>
   <TcLOVAttach lovName="SP5YesNoLOV" typeName="SP5AbsPartRevision">
     <TcLOVAttachPropertyInfo valuePropertyName="sp5AbsPartPropStr4" conditionName="isTrue"
         override="false" level="0"/>
   </TcLOVAttach>
   <TcLOVAttach lovName="SP5YesNoLOV" typeName="SP5AbsPartRevision">
     <TcLOVAttachPropertyInfo valuePropertyName="sp5AbsPartPropStr8" conditionName="isTrue"
         override="false" level="0"/>
   </TcLOVAttach>
   <TcLOVAttach lovName="SP5YesNoLOV" typeName="SP5AbsPartRevision">
     <TcLOVAttachPropertyInfo valuePropertyName="sp5AbsPartPropStr9" conditionName="isTrue"
         override="false" level="0"/>
   </TcLOVAttach>
   <TcLOVAttach lovName="SP5YesNoLOV" typeName="SP5AbsPartRevision">
     <TcLOVAttachPropertyInfo valuePropertyName="sp5AbsPartPropStr10" conditionName="isTrue"
         override="false" level="0"/>
   </TcLOVAttach>
   <TcLOVAttach lovName="SP5YesNoLOV" typeName="SP5PartEngRevision">
     <TcLOVAttachPropertyInfo valuePropertyName="sp5EngPartPropCLOV1" conditionName="isTrue"
         override="false" level="0"/>
   </TcLOVAttach>
   <TcLOVAttach lovName="SP5YesNoLOV" typeName="SP5PartEngRevision">
     <TcLOVAttachPropertyInfo valuePropertyName="sp5EngPartPropCLOV2" conditionName="isTrue"
         override="false" level="0"/>
   </TcLOVAttach>
   <TcLOVAttach lovName="SP5YesNoLOV" typeName="SP5PartEngRevision">
     <TcLOVAttachPropertyInfo valuePropertyName="sp5EngPartPropCLOV3" conditionName="isTrue"
         override="false" level="0"/>
   </TcLOVAttach>
   <TcLOVAttach lovName="SP5YesNoLOV" typeName="SP5PartEngRevision">
     <TcLOVAttachPropertyInfo valuePropertyName="sp5EngPartPropCLOV7" conditionName="isTrue"
         override="false" level="0"/>
   </TcLOVAttach>
   <TcStatus statusName="SP5Development" description=""/>
   <TcStatus statusName="SP5Production" description=""/>
</Add>
</TcBusinessData>
