<?xml version="1.0" encoding="UTF-8"?>
<TcBusinessData xmlns="http://teamcenter.com/BusinessModel/TcBusinessData" Date="">
<Add>
   <TcAttributeAttach className="Cm0SimpleChangeRevision">
      <TcAttribute attributeName="sp5SimChgPropCLOV1" description="" attributeType="POM_string"
          maxStringLength="128" isArray="false" followOnExport="false" isNullsAllowed="true"
          isUnique="false" isPublicRead="true" isPublicWrite="true" isCandidateKey="false"
          isTransient="false" exportAsString="false" noBackpointer="false" lowerBoundValue=""
          upperBoundValue=""/>
      <TcAttribute attributeName="sp5SimChgPropCLOV2" description="" attributeType="POM_string"
          maxStringLength="128" isArray="false" followOnExport="false" isNullsAllowed="true"
          isUnique="false" isPublicRead="true" isPublicWrite="true" isCandidateKey="false"
          isTransient="false" exportAsString="false" noBackpointer="false" lowerBoundValue=""
          upperBoundValue=""/>
      <TcAttribute attributeName="sp5SimChgPropCLOV3" description="" attributeType="POM_string"
          maxStringLength="128" isArray="false" followOnExport="false" isNullsAllowed="true"
          isUnique="false" isPublicRead="true" isPublicWrite="true" isCandidateKey="false"
          isTransient="false" exportAsString="false" noBackpointer="false" lowerBoundValue=""
          upperBoundValue=""/>
      <TcAttribute attributeName="sp5SimChgPropCLOV4" description="" attributeType="POM_string"
          maxStringLength="128" isArray="false" followOnExport="false" isNullsAllowed="true"
          isUnique="false" isPublicRead="true" isPublicWrite="true" isCandidateKey="false"
          isTransient="false" exportAsString="false" noBackpointer="false" lowerBoundValue=""
          upperBoundValue=""/>
      <TcAttribute attributeName="sp5SimChgPropCLOV5" description="" attributeType="POM_string"
          maxStringLength="128" isArray="false" followOnExport="false" isNullsAllowed="true"
          isUnique="false" isPublicRead="true" isPublicWrite="true" isCandidateKey="false"
          isTransient="false" exportAsString="false" noBackpointer="false" lowerBoundValue=""
          upperBoundValue=""/>
      <TcAttribute attributeName="sp5SimChgPropCLOV6" description="" attributeType="POM_string"
          maxStringLength="128" isArray="false" followOnExport="false" isNullsAllowed="true"
          isUnique="false" isPublicRead="true" isPublicWrite="true" isCandidateKey="false"
          isTransient="false" exportAsString="false" noBackpointer="false" lowerBoundValue=""
          upperBoundValue=""/>
      <TcAttribute attributeName="sp5SimChgPropCLOV7" description="" attributeType="POM_string"
          maxStringLength="128" isArray="false" followOnExport="false" isNullsAllowed="true"
          isUnique="false" isPublicRead="true" isPublicWrite="true" isCandidateKey="false"
          isTransient="false" exportAsString="false" noBackpointer="false" lowerBoundValue=""
          upperBoundValue=""/>
      <TcAttribute attributeName="sp5SimChgPropCLOV8" description="" attributeType="POM_string"
          maxStringLength="128" isArray="false" followOnExport="false" isNullsAllowed="true"
          isUnique="false" isPublicRead="true" isPublicWrite="true" isCandidateKey="false"
          isTransient="false" exportAsString="false" noBackpointer="false" lowerBoundValue=""
          upperBoundValue=""/>
      <TcAttribute attributeName="sp5SimChgPropDate1" description="" attributeType="POM_date"
          maxStringLength="0" isArray="false" followOnExport="false" isNullsAllowed="true"
          isUnique="false" isPublicRead="true" isPublicWrite="true" isCandidateKey="false"
          isTransient="false" exportAsString="false" noBackpointer="false" lowerBoundValue=""
          upperBoundValue=""/>
      <TcAttribute attributeName="sp5SimChgPropDate2" description="" attributeType="POM_date"
          maxStringLength="0" isArray="false" followOnExport="false" isNullsAllowed="true"
          isUnique="false" isPublicRead="true" isPublicWrite="true" isCandidateKey="false"
          isTransient="false" exportAsString="false" noBackpointer="false" lowerBoundValue=""
          upperBoundValue=""/>
      <TcAttribute attributeName="sp5SimChgPropStr1" description="" attributeType="POM_string"
          maxStringLength="128" isArray="false" followOnExport="false" isNullsAllowed="true"
          isUnique="false" isPublicRead="true" isPublicWrite="true" isCandidateKey="false"
          isTransient="false" exportAsString="false" noBackpointer="false" lowerBoundValue=""
          upperBoundValue=""/>
      <TcAttribute attributeName="sp5SimChrPropLStr1" description="" attributeType="POM_long_string"
          maxStringLength="0" isArray="false" followOnExport="false" isNullsAllowed="true"
          isUnique="false" isPublicRead="true" isPublicWrite="true" isCandidateKey="false"
          isTransient="false" exportAsString="false" noBackpointer="false" lowerBoundValue=""
          upperBoundValue=""/>
   </TcAttributeAttach>
   <TcPropertyAttach typeName="Cm0SimpleChangeRevisionCreI">
      <OperationInputProperty propName="sp5SimChgPropCLOV1" compoundObjectConstant=""
          srcPropName="sp5SimChgPropCLOV1" compoundObjectType="" fieldType="SimpleProperty"
          description=""/>
   </TcPropertyAttach>
   <TcPropertyAttach typeName="Cm0SimpleChangeRevisionCreI">
      <OperationInputProperty propName="sp5SimChgPropCLOV2" compoundObjectConstant=""
          srcPropName="sp5SimChgPropCLOV2" compoundObjectType="" fieldType="SimpleProperty"
          description=""/>
   </TcPropertyAttach>
   <TcPropertyAttach typeName="Cm0SimpleChangeRevisionCreI">
      <OperationInputProperty propName="sp5SimChgPropCLOV3" compoundObjectConstant=""
          srcPropName="sp5SimChgPropCLOV3" compoundObjectType="" fieldType="SimpleProperty"
          description=""/>
   </TcPropertyAttach>
   <TcPropertyAttach typeName="Cm0SimpleChangeRevisionCreI">
      <OperationInputProperty propName="sp5SimChgPropCLOV4" compoundObjectConstant=""
          srcPropName="sp5SimChgPropCLOV4" compoundObjectType="" fieldType="SimpleProperty"
          description=""/>
   </TcPropertyAttach>
   <TcPropertyAttach typeName="Cm0SimpleChangeRevisionCreI">
      <OperationInputProperty propName="sp5SimChgPropCLOV5" compoundObjectConstant=""
          srcPropName="sp5SimChgPropCLOV5" compoundObjectType="" fieldType="SimpleProperty"
          description=""/>
   </TcPropertyAttach>
   <TcPropertyAttach typeName="Cm0SimpleChangeRevisionCreI">
      <OperationInputProperty propName="sp5SimChgPropCLOV6" compoundObjectConstant=""
          srcPropName="sp5SimChgPropCLOV6" compoundObjectType="" fieldType="SimpleProperty"
          description=""/>
   </TcPropertyAttach>
   <TcPropertyAttach typeName="Cm0SimpleChangeRevisionCreI">
      <OperationInputProperty propName="sp5SimChgPropCLOV7" compoundObjectConstant=""
          srcPropName="sp5SimChgPropCLOV7" compoundObjectType="" fieldType="SimpleProperty"
          description=""/>
   </TcPropertyAttach>
   <TcPropertyAttach typeName="Cm0SimpleChangeRevisionCreI">
      <OperationInputProperty propName="sp5SimChgPropCLOV8" compoundObjectConstant=""
          srcPropName="sp5SimChgPropCLOV8" compoundObjectType="" fieldType="SimpleProperty"
          description=""/>
   </TcPropertyAttach>
   <TcPropertyAttach typeName="Cm0SimpleChangeRevisionCreI">
      <OperationInputProperty propName="sp5SimChgPropDate1" compoundObjectConstant=""
          srcPropName="sp5SimChgPropDate1" compoundObjectType="" fieldType="SimpleProperty"
          description=""/>
   </TcPropertyAttach>
   <TcPropertyAttach typeName="Cm0SimpleChangeRevisionCreI">
      <OperationInputProperty propName="sp5SimChgPropDate2" compoundObjectConstant=""
          srcPropName="sp5SimChgPropDate2" compoundObjectType="" fieldType="SimpleProperty"
          description=""/>
   </TcPropertyAttach>
   <TcPropertyAttach typeName="Cm0SimpleChangeRevisionCreI">
      <OperationInputProperty propName="sp5SimChgPropStr1" compoundObjectConstant=""
          srcPropName="sp5SimChgPropStr1" compoundObjectType="" fieldType="SimpleProperty"
          description=""/>
   </TcPropertyAttach>
   <TcPropertyAttach typeName="Cm0SimpleChangeRevisionCreI">
      <OperationInputProperty propName="sp5SimChrPropLStr1" compoundObjectConstant=""
          srcPropName="sp5SimChrPropLStr1" compoundObjectType="" fieldType="SimpleProperty"
          description=""/>
   </TcPropertyAttach>
   <TcPropertyConstantAttach constantName="Awp0SearchCanFilter" typeName="Cm0SimpleChangeRevision"
        propertyName="sp5SimChgPropCLOV1" value="true"/>
   <TcPropertyConstantAttach constantName="Awp0SearchCanFilter" typeName="Cm0SimpleChangeRevision"
        propertyName="sp5SimChgPropCLOV2" value="true"/>
   <TcPropertyConstantAttach constantName="Awp0SearchCanFilter" typeName="Cm0SimpleChangeRevision"
        propertyName="sp5SimChgPropCLOV3" value="true"/>
   <TcPropertyConstantAttach constantName="Awp0SearchCanFilter" typeName="Cm0SimpleChangeRevision"
        propertyName="sp5SimChgPropCLOV4" value="true"/>
   <TcPropertyConstantAttach constantName="Awp0SearchCanFilter" typeName="Cm0SimpleChangeRevision"
        propertyName="sp5SimChgPropCLOV5" value="true"/>
   <TcPropertyConstantAttach constantName="Awp0SearchCanFilter" typeName="Cm0SimpleChangeRevision"
        propertyName="sp5SimChgPropCLOV6" value="true"/>
   <TcPropertyConstantAttach constantName="Awp0SearchCanFilter" typeName="Cm0SimpleChangeRevision"
        propertyName="sp5SimChgPropCLOV7" value="true"/>
   <TcPropertyConstantAttach constantName="Awp0SearchCanFilter" typeName="Cm0SimpleChangeRevision"
        propertyName="sp5SimChgPropCLOV8" value="true"/>
   <TcPropertyConstantAttach constantName="Awp0SearchCanFilter" typeName="Cm0SimpleChangeRevision"
        propertyName="sp5SimChgPropDate1" value="true"/>
   <TcPropertyConstantAttach constantName="Awp0SearchCanFilter" typeName="Cm0SimpleChangeRevision"
        propertyName="sp5SimChgPropDate2" value="true"/>
   <TcPropertyConstantAttach constantName="Awp0SearchCanFilter" typeName="Cm0SimpleChangeRevision"
        propertyName="sp5SimChgPropStr1" value="true"/>
   <TcPropertyConstantAttach constantName="Awp0SearchCanFilter" typeName="Cm0SimpleChangeRevision"
        propertyName="sp5SimChrPropLStr1" value="true"/>
   <TcPropertyConstantAttach constantName="Awp0SearchIsIndexed" typeName="Cm0SimpleChangeRevision"
        propertyName="sp5SimChgPropCLOV1" value="true"/>
   <TcPropertyConstantAttach constantName="Awp0SearchIsIndexed" typeName="Cm0SimpleChangeRevision"
        propertyName="sp5SimChgPropCLOV2" value="true"/>
   <TcPropertyConstantAttach constantName="Awp0SearchIsIndexed" typeName="Cm0SimpleChangeRevision"
        propertyName="sp5SimChgPropCLOV3" value="true"/>
   <TcPropertyConstantAttach constantName="Awp0SearchIsIndexed" typeName="Cm0SimpleChangeRevision"
        propertyName="sp5SimChgPropCLOV4" value="true"/>
   <TcPropertyConstantAttach constantName="Awp0SearchIsIndexed" typeName="Cm0SimpleChangeRevision"
        propertyName="sp5SimChgPropCLOV5" value="true"/>
   <TcPropertyConstantAttach constantName="Awp0SearchIsIndexed" typeName="Cm0SimpleChangeRevision"
        propertyName="sp5SimChgPropCLOV6" value="true"/>
   <TcPropertyConstantAttach constantName="Awp0SearchIsIndexed" typeName="Cm0SimpleChangeRevision"
        propertyName="sp5SimChgPropCLOV7" value="true"/>
   <TcPropertyConstantAttach constantName="Awp0SearchIsIndexed" typeName="Cm0SimpleChangeRevision"
        propertyName="sp5SimChgPropCLOV8" value="true"/>
   <TcPropertyConstantAttach constantName="Awp0SearchIsIndexed" typeName="Cm0SimpleChangeRevision"
        propertyName="sp5SimChgPropDate1" value="true"/>
   <TcPropertyConstantAttach constantName="Awp0SearchIsIndexed" typeName="Cm0SimpleChangeRevision"
        propertyName="sp5SimChgPropDate2" value="true"/>
   <TcPropertyConstantAttach constantName="Awp0SearchIsIndexed" typeName="Cm0SimpleChangeRevision"
        propertyName="sp5SimChgPropStr1" value="true"/>
   <TcPropertyConstantAttach constantName="Awp0SearchIsIndexed" typeName="Cm0SimpleChangeRevision"
        propertyName="sp5SimChrPropLStr1" value="true"/>
   <TcPropertyConstantAttach constantName="Enabled" typeName="Cm0SimpleChangeRevision"
        propertyName="sp5SimChgPropCLOV1" value="true"/>
   <TcPropertyConstantAttach constantName="Enabled" typeName="Cm0SimpleChangeRevision"
        propertyName="sp5SimChgPropCLOV2" value="true"/>
   <TcPropertyConstantAttach constantName="Enabled" typeName="Cm0SimpleChangeRevision"
        propertyName="sp5SimChgPropCLOV3" value="true"/>
   <TcPropertyConstantAttach constantName="Enabled" typeName="Cm0SimpleChangeRevision"
        propertyName="sp5SimChgPropCLOV4" value="true"/>
   <TcPropertyConstantAttach constantName="Enabled" typeName="Cm0SimpleChangeRevision"
        propertyName="sp5SimChgPropCLOV5" value="true"/>
   <TcPropertyConstantAttach constantName="Enabled" typeName="Cm0SimpleChangeRevision"
        propertyName="sp5SimChgPropCLOV6" value="true"/>
   <TcPropertyConstantAttach constantName="Enabled" typeName="Cm0SimpleChangeRevision"
        propertyName="sp5SimChgPropCLOV7" value="true"/>
   <TcPropertyConstantAttach constantName="Enabled" typeName="Cm0SimpleChangeRevision"
        propertyName="sp5SimChgPropCLOV8" value="true"/>
   <TcPropertyConstantAttach constantName="Enabled" typeName="Cm0SimpleChangeRevision"
        propertyName="sp5SimChgPropDate1" value="true"/>
   <TcPropertyConstantAttach constantName="Enabled" typeName="Cm0SimpleChangeRevision"
        propertyName="sp5SimChgPropDate2" value="true"/>
   <TcPropertyConstantAttach constantName="Enabled" typeName="Cm0SimpleChangeRevision"
        propertyName="sp5SimChgPropStr1" value="true"/>
   <TcPropertyConstantAttach constantName="Enabled" typeName="Cm0SimpleChangeRevision"
        propertyName="sp5SimChrPropLStr1" value="true"/>
   <TcPropertyConstantAttach constantName="Modifiable" typeName="Cm0SimpleChangeRevision"
        propertyName="sp5SimChgPropCLOV1" value="Write"/>
   <TcPropertyConstantAttach constantName="Modifiable" typeName="Cm0SimpleChangeRevision"
        propertyName="sp5SimChgPropCLOV2" value="Write"/>
   <TcPropertyConstantAttach constantName="Modifiable" typeName="Cm0SimpleChangeRevision"
        propertyName="sp5SimChgPropCLOV3" value="Write"/>
   <TcPropertyConstantAttach constantName="Modifiable" typeName="Cm0SimpleChangeRevision"
        propertyName="sp5SimChgPropCLOV4" value="Write"/>
   <TcPropertyConstantAttach constantName="Modifiable" typeName="Cm0SimpleChangeRevision"
        propertyName="sp5SimChgPropCLOV5" value="Write"/>
   <TcPropertyConstantAttach constantName="Modifiable" typeName="Cm0SimpleChangeRevision"
        propertyName="sp5SimChgPropCLOV6" value="Write"/>
   <TcPropertyConstantAttach constantName="Modifiable" typeName="Cm0SimpleChangeRevision"
        propertyName="sp5SimChgPropCLOV7" value="Write"/>
   <TcPropertyConstantAttach constantName="Modifiable" typeName="Cm0SimpleChangeRevision"
        propertyName="sp5SimChgPropCLOV8" value="Write"/>
   <TcPropertyConstantAttach constantName="Modifiable" typeName="Cm0SimpleChangeRevision"
        propertyName="sp5SimChgPropDate1" value="Write"/>
   <TcPropertyConstantAttach constantName="Modifiable" typeName="Cm0SimpleChangeRevision"
        propertyName="sp5SimChgPropDate2" value="Write"/>
   <TcPropertyConstantAttach constantName="Modifiable" typeName="Cm0SimpleChangeRevision"
        propertyName="sp5SimChgPropStr1" value="Write"/>
   <TcPropertyConstantAttach constantName="Modifiable" typeName="Cm0SimpleChangeRevision"
        propertyName="sp5SimChrPropLStr1" value="Write"/>
   <TcLOVAttach lovName="SP5SimChgPropCLOV1" typeName="Cm0SimpleChangeRevision">
      <TcLOVAttachPropertyInfo valuePropertyName="sp5SimChgPropCLOV1" conditionName="isTrue"
          override="false" level="0"/>
   </TcLOVAttach>
   <TcLOVAttach lovName="SP5SimChgPropCLOV2" typeName="Cm0SimpleChangeRevision">
      <TcLOVAttachPropertyInfo valuePropertyName="sp5SimChgPropCLOV2" conditionName="isTrue"
          override="false" level="0"/>
   </TcLOVAttach>
   <TcLOVAttach lovName="SP5SimChgPropCLOV3" typeName="Cm0SimpleChangeRevision">
      <TcLOVAttachPropertyInfo valuePropertyName="sp5SimChgPropCLOV3" conditionName="isTrue"
          override="false" level="0"/>
   </TcLOVAttach>
   <TcLOVAttach lovName="SP5SimChgPropCLOV6" typeName="Cm0SimpleChangeRevision">
      <TcLOVAttachPropertyInfo valuePropertyName="sp5SimChgPropCLOV6" conditionName="isTrue"
          override="false" level="0"/>
   </TcLOVAttach>
   <TcLOVAttach lovName="SP5SimChgPropCLOV7" typeName="Cm0SimpleChangeRevision">
      <TcLOVAttachPropertyInfo valuePropertyName="sp5SimChgPropCLOV7" conditionName="isTrue"
          override="false" level="0"/>
   </TcLOVAttach>
   <TcLOVAttach lovName="SP5SimChgPropCLOV8" typeName="Cm0SimpleChangeRevision">
      <TcLOVAttachPropertyInfo valuePropertyName="sp5SimChgPropCLOV8" conditionName="isTrue"
          override="false" level="0"/>
   </TcLOVAttach>
   <TcLOVAttach lovName="SP5YesNoLOV" typeName="Cm0SimpleChangeRevision">
      <TcLOVAttachPropertyInfo valuePropertyName="sp5SimChgPropCLOV4" conditionName="isTrue"
          override="false" level="0"/>
   </TcLOVAttach>
   <TcLOVAttach lovName="SP5YesNoLOV" typeName="Cm0SimpleChangeRevision">
      <TcLOVAttachPropertyInfo valuePropertyName="sp5SimChgPropCLOV5" conditionName="isTrue"
          override="false" level="0"/>
   </TcLOVAttach>
   <TcStatus statusName="SP5DocReleased" description="Generic Release Status, used for documents etc."/>
</Add>
</TcBusinessData>
